Workbook

Sheet co2 emissions
A1: CO2 Emissions
A2: 8529 | B2: mean | C2: =AVERAGE(A2:A2692) -> 114169.46
A3: 8529 | B3: trim mean | C3: =TRIMMEAN(A2:A2692,0.1) -> 38217.111
A4: 8236 | B4: median | C4: =MEDIAN(A2:A2692) -> 8529
A5: 6524 | B5: st dev | C5: =STDEV(A2:A2692) -> 550017.64
A6: 3927
A7: 1991
A8: 1016
A9: 583
A10: 781
A11: 1338
A12: 733
A13: 645
A14: 359
A15: 8529
A16: 8529
A17: 4283
... A2692: 13887

Sheet gdpcapita vs leading interest
A1: GDP/CAPITA | B1: Lending Interest
A2: 3 | B2: 0.148 | C2: =CORREL(A2:A2692,B2:B2692) -> -0.15540669
A3: 115.31251 | B3: 0.148
A4: 185.95929 | B4: 0.148
A5: 198.2878 | B5: 0.148
A6: 220.05629 | B6: 0.148
A7: 252.40789 | B7: 0.148
A8: 275.35094 | B8: 0.18
A9: 373.59142 | B9: 0.181
A10: 376.97767 | B10: 0.149
A11: 450.65924 | B11: 0.15
A12: 561.19762 | B12: 0.157
A13: 613.97919 | B13: 0.151
A14: 687.58137 | B14: 0.15
... A2692: 908.78232 | B2692: 0.148

Sheet GDPCapita Vs BusinessTaxRate & 
A1: GDP/CAPITA | B1: Business Tax Rate | C1: Ease of Business
A2: 3 | B2: 0.489 | C2: 94 | D2: =CORREL(A2:A2692,C2:C2692) -> -0.15115818
A3: 115.31251 | B3: 0.489 | C3: 94
A4: 185.95929 | B4: 0.489 | C4: 94
A5: 198.2878 | B5: 0.489 | C5: 94
A6: 220.05629 | B6: 0.489 | C6: 94
A7: 252.40789 | B7: 0.363 | C7: 94
A8: 275.35094 | B8: 0.363 | C8: 94
A9: 373.59142 | B9: 0.363 | C9: 94
A10: 376.97767 | B10: 0.363 | C10: 94
A11: 450.65924 | B11: 0.363 | C11: 94
A12: 561.19762 | B12: 0.363 | C12: 94
A13: 613.97919 | B13: 0.363 | C13: 94
A14: 687.58137 | B14: 0.363 | C14: 170
... A2692: 908.78232 | B2692: 0.345 | C2692: 168

Sheet gdpcapita and tourism inbound
A1: GDP/CAPITA | B1: Tourism Inbound
A2: 3 | B2: 680000000 | C2: correlation | D2: =CORREL(A2:A2692,B2:B2692) -> 0.29236657
A3: 115.31251 | B3: 680000000
A4: 185.95929 | B4: 680000000
A5: 198.2878 | B5: 680000000
A6: 220.05629 | B6: 680000000
A7: 252.40789 | B7: 680000000
A8: 275.35094 | B8: 680000000
A9: 373.59142 | B9: 680000000
A10: 376.97767 | B10: 43000000
A11: 450.65924 | B11: 96000000
A12: 561.19762 | B12: 138000000
A13: 613.97919 | B13: 137000000
A14: 687.58137 | B14: 116000000
... A2692: 908.78232 | B2692: 749000000

Sheet gdpcapita and population urban
A1: GDP/CAPITA | B1: Population Urban
A2: 3 | B2: 0.213 | C2: correlation | D2: =CORREL(A2:A2692,B2:B2692) -> 0.45031947
A3: 115.31251 | B3: 0.216
A4: 185.95929 | B4: 0.219
A5: 198.2878 | B5: 0.222
A6: 220.05629 | B6: 0.226
A7: 252.40789 | B7: 0.229
A8: 275.35094 | B8: 0.232
A9: 373.59142 | B9: 0.236
A10: 376.97767 | B10: 0.239
A11: 450.65924 | B11: 0.243
A12: 561.19762 | B12: 0.247
A13: 613.97919 | B13: 0.251
A14: 687.58137 | B14: 0.255
... A2692: 908.78232 | B2692: 0.328

Sheet gdpcapita vs tourism outboundca
A1: GDP/CAPITA | B1: Tourism Outbound/Capita
A2: 3 | B2: 21.752472
A3: 115.31251 | B3: 20.985787 | C3: correlation | D3: =CORREL(A2:A2692,B2:B2692) -> 0.42906134
A4: 185.95929 | B4: 20.17763
A5: 198.2878 | B5: 19.380397
A6: 220.05629 | B6: 18.652148
A7: 252.40789 | B7: 18.020297
A8: 275.35094 | B8: 17.478642
A9: 373.59142 | B9: 17.002386
A10: 376.97767 | B10: 2.1455896
A11: 450.65924 | B11: 2.2015154
A12: 561.19762 | B12: 3.0284023
A13: 613.97919 | B13: 4.3634395
A14: 687.58137 | B14: 2.6823552
A15: 1193.4662 | B15: 93.880694
... A2692: 908.78232 | B2692: 32.64279

Sheet GDPCapita vs Energy UsageCapita
A1: GDP/CAPITA | B1: energy usage/capita | C1: co2 emissions per capita
A2: 3 | B2: 0.00069617623 | C2: 0.0004141224 | D2: correlation Energy/capita & GDP/Capita | E2: =CORREL(A2:A2692,B2:B2692) -> 0.24349877
A3: 115.31251 | B3: 0.00067163886 | C3: 0.00039952628 | D3: correlation CO2Emiission/capita & GDP/Capita | E3: =CORREL(A2:A2692,C2:C2692) -> 0.31090273
A4: 185.95929 | B4: 0.00064577423 | C4: 0.0003709441
A5: 198.2878 | B5: 0.00062025921 | C5: 0.00028222703
A6: 220.05629 | B6: 0.00059695199 | C6: 0.00016349773
A7: 252.40789 | B7: 0.00057672996 | C7: 8.0085741e-05
A8: 275.35094 | B8: 0.00055939457 | C8: 3.9639063e-05
A9: 373.59142 | B9: 0.00054415226 | C9: 2.2125873e-05
A10: 376.97767 | B10: 0.00053040454 | C10: 2.8891473e-05
A11: 450.65924 | B11: 0.00051746439 | C11: 4.8288977e-05
A12: 561.19762 | B12: 0.00050489805 | C12: 2.5811848e-05
A13: 613.97919 | B13: 0.00049262201 | C13: 2.2160775e-05
A14: 687.58137 | B14: 0.00048074512 | C14: 1.2037069e-05
A15: 1193.4662 | B15: 0.004641591 | C15: 0.0027610636
... A2692: 908.78232 | B2692: 0.00071879715 | C2692: 0.0010118536

Sheet HEALTH EXPCAPITA VS GDPCAPITA
A1: GDP/CAPITA | B1: Health Exp/Capita
A2: 3 | B2: 193
A3: 115.31251 | B3: 193 | C3: correlatiion | D3: =CORREL(A2:A2692,B2:B2692) -> 0.75625376
A4: 185.95929 | B4: 14
A5: 198.2878 | B5: 18
A6: 220.05629 | B6: 19
A7: 252.40789 | B7: 21
A8: 275.35094 | B8: 23
A9: 373.59142 | B9: 30
A10: 376.97767 | B10: 35
A11: 450.65924 | B11: 35
A12: 561.19762 | B12: 43
A13: 613.97919 | B13: 48
A14: 687.58137 | B14: 51
A15: 1193.4662 | B15: 70
... A2692: 908.78232 | B2692: 193

Sheet processed sheet
A1: ID | B1: Country/Region | C1: YEAR | D1: Region | E1: GDP | F1: GDP/CAPITA | G1: Health Exp % GDP | H1: Health Exp/Capita | I1: Lending Interest | J1: Energy Usage | K1: CO2 Emissions | L1: energy usage/capita | M1: co2 emissions per capita | N1: Birth Rate | O1: Infant Mortality Rate | P1: Life Expectancy Female | Q1: Life Expectancy Male | R1: Population 0-14 | S1: Population 15-64 | T1: Population 65+ | U1: Population Total | V1: Population Urban | W1: Tourism Inbound | X1: Tourism Outbound | Y1: Tourism Outbound/Capita | Z1: Business Tax Rate | AA1: Days to Start Business | AB1: Ease of Business | AC1: Hours to do Tax | AD1: Internet Usage | AE1: Mobile Phone Usage
A2: =CONCAT(B2,C2) -> Afghanistan-Asia2000 | B2: Afghanistan-Asia | C2: 2000 | D2: Asia | F2: 3 | G2: 0.064 | H2: 193 | I2: 0.148 | J2: {=VLOOKUP(A2,ENERGY!$A$2:$F$2692,{5,6},0)} -> 14338 | K2: 8529 | L2: =J2/'HUMAN RESOURCES'!I2 -> 0.00069617623 | M2: =K2/'HUMAN RESOURCES'!I2 -> 0.0004141224 | N2: {=VLOOKUP(A2,'HUMAN RESOURCES'!$A$2:$M$2692,{2,3,4,5,6,7,8,9,10},0)} -> 0.05 | O2: 0.095 | P2: 56 | Q2: 54 | R2: 0.495 | S2: 0.485 | T2: 0.02 | U2: 20595360 | V2: 0.213 | W2: {=VLOOKUP(A2,TOURISM!$A$2:$F$2692,{3,6},0)} -> 680000000 | X2: 448000000 | Y2: =X2/'HUMAN RESOURCES'!I2 -> 21.752472 | Z2: {=VLOOKUP(A2,BUSINESS!$A$2:$J$2692,{4,5,6,7,8,9},0)} -> 0.489 | AA2: 26 | AB2: 94 | AC2: 302 | AD2: 0.129 | AE2: 0.58
A3: =CONCAT(B3,C3) -> Afghanistan-Asia2001 | B3: Afghanistan-Asia | C3: 2001 | D3: Asia | E3: 2461666315 | F3: =E3/'HUMAN RESOURCES'!I3 -> 115.31251 | G3: 0.064 | H3: 193 | I3: 0.148 | J3: {=VLOOKUP(A3,ENERGY!$A$2:$F$2692,{5,6},0)} -> 14338 | K3: 8529 | L3: =J3/'HUMAN RESOURCES'!I3 -> 0.00067163886 | M3: =K3/'HUMAN RESOURCES'!I3 -> 0.00039952628 | N3: {=VLOOKUP(A3,'HUMAN RESOURCES'!$A$2:$M$2692,{2,3,4,5,6,7,8,9,10},0)} -> 0.049 | O3: 0.093 | P3: 56 | Q3: 54 | R3: 0.495 | S3: 0.484 | T3: 0.02 | U3: 21347782 | V3: 0.216 | W3: {=VLOOKUP(A3,TOURISM!$A$2:$F$2692,{3,6},0)} -> 680000000 | X3: 448000000 | Y3: =X3/'HUMAN RESOURCES'!I3 -> 20.985787 | Z3: {=VLOOKUP(A3,BUSINESS!$A$2:$J$2692,{4,5,6,7,8,9},0)} -> 0.489 | AA3: 26 | AB3: 94 | AC3: 302 | AD3: 0 | AE3: 0.58
A4: =CONCAT(B4,C4) -> Afghanistan-Asia2002 | B4: Afghanistan-Asia | C4: 2002 | D4: Asia | E4: 4128818043 | F4: =E4/'HUMAN RESOURCES'!I4 -> 185.95929 | G4: 0.089 | H4: 14 | I4: 0.148 | J4: {=VLOOKUP(A4,ENERGY!$A$2:$F$2692,{5,6},0)} -> 14338 | K4: 8236 | L4: =J4/'HUMAN RESOURCES'!I4 -> 0.00064577423 | M4: =K4/'HUMAN RESOURCES'!I4 -> 0.00037094411 | N4: {=VLOOKUP(A4,'HUMAN RESOURCES'!$A$2:$M$2692,{2,3,4,5,6,7,8,9,10},0)} -> 0.048 | O4: 0.091 | P4: 57 | Q4: 55 | R4: 0.495 | S4: 0.485 | T4: 0.02 | U4: 22202806 | V4: 0.219 | W4: {=VLOOKUP(A4,TOURISM!$A$2:$F$2692,{3,6},0)} -> 680000000 | X4: 448000000 | Y4: =X4/'HUMAN RESOURCES'!I4 -> 20.17763 | Z4: {=VLOOKUP(A4,BUSINESS!$A$2:$J$2692,{4,5,6,7,8,9},0)} -> 0.489 | AA4: 26 | AB4: 94 | AC4: 302 | AD4: 0 | AE4: 0.001
A5: =CONCAT(B5,C5) -> Afghanistan-Asia2003 | B5: Afghanistan-Asia | C5: 2003 | D5: Asia | E5: 4583648922 | F5: =E5/'HUMAN RESOURCES'!I5 -> 198.2878 | G5: 0.1 | H5: 18 | I5: 0.148 | J5: {=VLOOKUP(A5,ENERGY!$A$2:$F$2692,{5,6},0)} -> 14338 | K5: 6524 | L5: =J5/'HUMAN RESOURCES'!I5 -> 0.00062025921 | M5: =K5/'HUMAN RESOURCES'!I5 -> 0.00028222703 | N5: {=VLOOKUP(A5,'HUMAN RESOURCES'!$A$2:$M$2692,{2,3,4,5,6,7,8,9,10},0)} -> 0.047 | O5: 0.088 | P5: 57 | Q5: 55 | R5: 0.494 | S5: 0.485 | T5: 0.02 | U5: 23116142 | V5: 0.222 | W5: {=VLOOKUP(A5,TOURISM!$A$2:$F$2692,{3,6},0)} -> 680000000 | X5: 448000000 | Y5: =X5/'HUMAN RESOURCES'!I5 -> 19.380397 | Z5: {=VLOOKUP(A5,BUSINESS!$A$2:$J$2692,{4,5,6,7,8,9},0)} -> 0.489 | AA5: 26 | AB5: 94 | AC5: 302 | AD5: 0.001 | AE5: 0.009
A6: =CONCAT(B6,C6) -> Afghanistan-Asia2004 | B6: Afghanistan-Asia | C6: 2004 | D6: Asia | E6: 5285461999 | F6: =E6/'HUMAN RESOURCES'!I6 -> 220.05629 | G6: 0.098 | H6: 19 | I6: 0.148 | J6: {=VLOOKUP(A6,ENERGY!$A$2:$F$2692,{5,6},0)} -> 14338 | K6: 3927 | L6: =J6/'HUMAN RESOURCES'!I6 -> 0.00059695199 | M6: =K6/'HUMAN RESOURCES'!I6 -> 0.00016349773 | N6: {=VLOOKUP(A6,'HUMAN RESOURCES'!$A$2:$M$2692,{2,3,4,5,6,7,8,9,10},0)} -> 0.046 | O6: 0.086 | P6: 58 | Q6: 55 | R6: 0.494 | S6: 0.486 | T6: 0.02 | U6: 24018682 | V6: 0.226 | W6: {=VLOOKUP(A6,TOURISM!$A$2:$F$2692,{3,6},0)} -> 680000000 | X6: 448000000 | Y6: =X6/'HUMAN RESOURCES'!I6 -> 18.652148 | Z6: {=VLOOKUP(A6,BUSINESS!$A$2:$J$2692,{4,5,6,7,8,9},0)} -> 0.489 | AA6: 9 | AB6: 94 | AC6: 302 | AD6: 0.001 | AE6: 0.025
A7: =CONCAT(B7,C7) -> Afghanistan-Asia2005 | B7: Afghanistan-Asia | C7: 2005 | D7: Asia | E7: 6275076016 | F7: =E7/'HUMAN RESOURCES'!I7 -> 252.40789 | G7: 0.092 | H7: 21 | I7: 0.148 | J7: {=VLOOKUP(A7,ENERGY!$A$2:$F$2692,{5,6},0)} -> 14338 | K7: 1991 | L7: =J7/'HUMAN RESOURCES'!I7 -> 0.00057672996 | M7: =K7/'HUMAN RESOURCES'!I7 -> 8.0085741e-05 | N7: {=VLOOKUP(A7,'HUMAN RESOURCES'!$A$2:$M$2692,{2,3,4,5,6,7,8,9,10},0)} -> 0.045 | O7: 0.084 | P7: 58 | Q7: 56 | R7: 0.493 | S7: 0.487 | T7: 0.02 | U7: 24860855 | V7: 0.229 | W7: {=VLOOKUP(A7,TOURISM!$A$2:$F$2692,{3,6},0)} -> 680000000 | X7: 448000000 | Y7: =X7/'HUMAN RESOURCES'!I7 -> 18.020297 | Z7: {=VLOOKUP(A7,BUSINESS!$A$2:$J$2692,{4,5,6,7,8,9},0)} -> 0.363 | AA7: 9 | AB7: 94 | AC7: 275 | AD7: 0.012 | AE7: 0.048
A8: =CONCAT(B8,C8) -> Afghanistan-Asia2006 | B8: Afghanistan-Asia | C8: 2006 | D8: Asia | E8: 7057597615 | F8: =E8/'HUMAN RESOURCES'!I8 -> 275.35094 | G8: 0.091 | H8: 23 | I8: 0.18 | J8: {=VLOOKUP(A8,ENERGY!$A$2:$F$2692,{5,6},0)} -> 14338 | K8: 1016 | L8: =J8/'HUMAN RESOURCES'!I8 -> 0.00055939457 | M8: =K8/'HUMAN RESOURCES'!I8 -> 3.9639063e-05 | N8: {=VLOOKUP(A8,'HUMAN RESOURCES'!$A$2:$M$2692,{2,3,4,5,6,7,8,9,10},0)} -> 0.044 | O8: 0.082 | P8: 59 | Q8: 56 | R8: 0.493 | S8: 0.487 | T8: 0.02 | U8: 25631282 | V8: 0.232 | W8: {=VLOOKUP(A8,TOURISM!$A$2:$F$2692,{3,6},0)} -> 680000000 | X8: 448000000 | Y8: =X8/'HUMAN RESOURCES'!I8 -> 17.478642 | Z8: {=VLOOKUP(A8,BUSINESS!$A$2:$J$2692,{4,5,6,7,8,9},0)} -> 0.363 | AA8: 9 | AB8: 94 | AC8: 275 | AD8: 0.021 | AE8: 0.098
A9: =CONCAT(B9,C9) -> Afghanistan-Asia2007 | B9: Afghanistan-Asia | C9: 2007 | D9: Asia | E9: 9843851009 | F9: =E9/'HUMAN RESOURCES'!I9 -> 373.59142 | G9: 0.1 | H9: 30 | I9: 0.181 | J9: {=VLOOKUP(A9,ENERGY!$A$2:$F$2692,{5,6},0)} -> 14338 | K9: 583 | L9: =J9/'HUMAN RESOURCES'!I9 -> 0.00054415226 | M9: =K9/'HUMAN RESOURCES'!I9 -> 2.2125873e-05 | N9: {=VLOOKUP(A9,'HUMAN RESOURCES'!$A$2:$M$2692,{2,3,4,5,6,7,8,9,10},0)} -> 0.042 | O9: 0.08 | P9: 59 | Q9: 57 | R9: 0.492 | S9: 0.487 | T9: 0.021 | U9: 26349243 | V9: 0.236 | W9: {=VLOOKUP(A9,TOURISM!$A$2:$F$2692,{3,6},0)} -> 680000000 | X9: 448000000 | Y9: =X9/'HUMAN RESOURCES'!I9 -> 17.002386 | Z9: {=VLOOKUP(A9,BUSINESS!$A$2:$J$2692,{4,5,6,7,8,9},0)} -> 0.363 | AA9: 9 | AB9: 94 | AC9: 275 | AD9: 0.019 | AE9: 0.177
A10: =CONCAT(B10,C10) -> Afghanistan-Asia2008 | B10: Afghanistan-Asia | C10: 2008 | D10: Asia | E10: 10190534636 | F10: =E10/'HUMAN RESOURCES'!I10 -> 376.97767 | G10: 0.097 | H10: 35 | I10: 0.149 | J10: {=VLOOKUP(A10,ENERGY!$A$2:$F$2692,{5,6},0)} -> 14338 | K10: 781 | L10: =J10/'HUMAN RESOURCES'!I10 -> 0.00053040454 | M10: =K10/'HUMAN RESOURCES'!I10 -> 2.8891473e-05 | N10: {=VLOOKUP(A10,'HUMAN RESOURCES'!$A$2:$M$2692,{2,3,4,5,6,7,8,9,10},0)} -> 0.041 | O10: 0.079 | P10: 60 | Q10: 57 | R10: 0.492 | S10: 0.487 | T10: 0.021 | U10: 27032197 | V10: 0.239 | W10: {=VLOOKUP(A10,TOURISM!$A$2:$F$2692,{3,6},0)} -> 43000000 | X10: 58000000 | Y10: =X10/'HUMAN RESOURCES'!I10 -> 2.1455896 | Z10: {=VLOOKUP(A10,BUSINESS!$A$2:$J$2692,{4,5,6,7,8,9},0)} -> 0.363 | AA10: 9 | AB10: 94 | AC10: 275 | AD10: 0.018 | AE10: 0.292
A11: =CONCAT(B11,C11) -> Afghanistan-Asia2009 | B11: Afghanistan-Asia | C11: 2009 | D11: Asia | E11: 12486950469 | F11: =E11/'HUMAN RESOURCES'!I11 -> 450.65924 | G11: 0.087 | H11: 35 | I11: 0.15 | J11: {=VLOOKUP(A11,ENERGY!$A$2:$F$2692,{5,6},0)} -> 14338 | K11: 1338 | L11: =J11/'HUMAN RESOURCES'!I11 -> 0.00051746439 | M11: =K11/'HUMAN RESOURCES'!I11 -> 4.8288977e-05 | N11: {=VLOOKUP(A11,'HUMAN RESOURCES'!$A$2:$M$2692,{2,3,4,5,6,7,8,9,10},0)} -> 0.039 | O11: 0.077 | P11: 60 | Q11: 58 | R11: 0.49 | S11: 0.489 | T11: 0.021 | U11: 27708187 | V11: 0.243 | W11: {=VLOOKUP(A11,TOURISM!$A$2:$F$2692,{3,6},0)} -> 96000000 | X11: 61000000 | Y11: =X11/'HUMAN RESOURCES'!I11 -> 2.2015154 | Z11: {=VLOOKUP(A11,BUSINESS!$A$2:$J$2692,{4,5,6,7,8,9},0)} -> 0.363 | AA11: 7 | AB11: 94 | AC11: 275 | AD11: 0.036 | AE11: 0.379
A12: =CONCAT(B12,C12) -> Afghanistan-Asia2010 | B12: Afghanistan-Asia | C12: 2010 | D12: Asia | E12: 15936784436 | F12: =E12/'HUMAN RESOURCES'!I12 -> 561.19762 | G12: 0.087 | H12: 43 | I12: 0.157 | J12: {=VLOOKUP(A12,ENERGY!$A$2:$F$2692,{5,6},0)} -> 14338 | K12: 733 | L12: =J12/'HUMAN RESOURCES'!I12 -> 0.00050489805 | M12: =K12/'HUMAN RESOURCES'!I12 -> 2.5811848e-05 | N12: {=VLOOKUP(A12,'HUMAN RESOURCES'!$A$2:$M$2692,{2,3,4,5,6,7,8,9,10},0)} -> 0.038 | O12: 0.075 | P12: 61 | Q12: 58 | R12: 0.486 | S12: 0.492 | T12: 0.022 | U12: 28397812 | V12: 0.247 | W12: {=VLOOKUP(A12,TOURISM!$A$2:$F$2692,{3,6},0)} -> 138000000 | X12: 86000000 | Y12: =X12/'HUMAN RESOURCES'!I12 -> 3.0284023 | Z12: {=VLOOKUP(A12,BUSINESS!$A$2:$J$2692,{4,5,6,7,8,9},0)} -> 0.363 | AA12: 7 | AB12: 94 | AC12: 275 | AD12: 0.04 | AE12: 0.458
A13: =CONCAT(B13,C13) -> Afghanistan-Asia2011 | B13: Afghanistan-Asia | C13: 2011 | D13: Asia | E13: 17870159082 | F13: =E13/'HUMAN RESOURCES'!I13 -> 613.97919 | G13: 0.084 | H13: 48 | I13: 0.151 | J13: {=VLOOKUP(A13,ENERGY!$A$2:$F$2692,{5,6},0)} -> 14338 | K13: 645 | L13: =J13/'HUMAN RESOURCES'!I13 -> 0.00049262201 | M13: =K13/'HUMAN RESOURCES'!I13 -> 2.2160775e-05 | N13: {=VLOOKUP(A13,'HUMAN RESOURCES'!$A$2:$M$2692,{2,3,4,5,6,7,8,9,10},0)} -> 0.037 | O13: 0.074 | P13: 61 | Q13: 59 | R13: 0.481 | S13: 0.497 | T13: 0.022 | U13: 29105480 | V13: 0.251 | W13: {=VLOOKUP(A13,TOURISM!$A$2:$F$2692,{3,6},0)} -> 137000000 | X13: 127000000 | Y13: =X13/'HUMAN RESOURCES'!I13 -> 4.3634395 | Z13: {=VLOOKUP(A13,BUSINESS!$A$2:$J$2692,{4,5,6,7,8,9},0)} -> 0.363 | AA13: 7 | AB13: 94 | AC13: 275 | AD13: 0.05 | AE13: 0.603
A14: =CONCAT(B14,C14) -> Afghanistan-Asia2012 | B14: Afghanistan-Asia | C14: 2012 | D14: Asia | E14: 20506795254 | F14: =E14/'HUMAN RESOURCES'!I14 -> 687.58137 | G14: 0.086 | H14: 51 | I14: 0.15 | J14: {=VLOOKUP(A14,ENERGY!$A$2:$F$2692,{5,6},0)} -> 14338 | K14: 359 | L14: =J14/'HUMAN RESOURCES'!I14 -> 0.00048074512 | M14: =K14/'HUMAN RESOURCES'!I14 -> 1.2037069e-05 | N14: {=VLOOKUP(A14,'HUMAN RESOURCES'!$A$2:$M$2692,{2,3,4,5,6,7,8,9,10},0)} -> 0.035 | O14: 0.072 | P14: 62 | Q14: 59 | R14: 0.474 | S14: 0.503 | T14: 0.023 | U14: 29824536 | V14: 0.255 | W14: {=VLOOKUP(A14,TOURISM!$A$2:$F$2692,{3,6},0)} -> 116000000 | X14: 80000000 | Y14: =X14/'HUMAN RESOURCES'!I14 -> 2.6823552 | Z14: {=VLOOKUP(A14,BUSINESS!$A$2:$J$2692,{4,5,6,7,8,9},0)} -> 0.363 | AA14: 7 | AB14: 170 | AC14: 275 | AD14: 0.055 | AE14: 0.655
... A40: =CONCAT(B40,C40) -> Algeria-Africa2012 | B40: Algeria-Africa | C40: 2012 | D40: Africa | E40: 204000000000 | F40: =E40/'HUMAN RESOURCES'!I40 -> 5301.2204 | G40: 0.052 | H40: 279 | I40: 0.08 | J40: {=VLOOKUP(A40,ENERGY!$A$2:$F$2692,{5,6},0)} -> 28773 | K40: 90854 | L40: =J40/'HUMAN RESOURCES'!I40 -> 0.00074770596 | M40: =K40/'HUMAN RESOURCES'!I40 -> 0.0023609661 | N40: {=VLOOKUP(A40,'HUMAN RESOURCES'!$A$2:$M$2692,{2,3,4,5,6,7,8,9,10},0)} -> 0.025 | O40: 0.022 | P40: 73 | Q40: 69 | R40: 0.274 | S40: 0.679 | T40: 0.047 | U40: 38481705 | V40: 0.689 | W40: {=VLOOKUP(A40,TOURISM!$A$2:$F$2692,{3,6},0)} -> 295000000 | X40: 559000000 | Y40: =X40/'HUMAN RESOURCES'!I40 -> 14.526383 | Z40: {=VLOOKUP(A40,BUSINESS!$A$2:$J$2692,{4,5,6,7,8,9},0)} -> 0.719 | AA40: 25 | AB40: 151 | AC40: 451 | AD40: 0.152 | AE40: 0.975
A41: =CONCAT(B41,C41) -> American Samoa-Oceania2000 | B41: American Samoa-Oceania | C41: 2000 | D41: Oceania | F41: =E41/'HUMAN RESOURCES'!I41 -> 0 | G41: 0.064 | H41: 193 | I41: 0.148 | J41: {=VLOOKUP(A41,ENERGY!$A$2:$F$2692,{5,6},0)} -> 14338 | K41: 8529 | L41: =J41/'HUMAN RESOURCES'!I41 -> 0.24926115 | M41: =K41/'HUMAN RESOURCES'!I41 -> 0.1482737 | N41: {=VLOOKUP(A41,'HUMAN RESOURCES'!$A$2:$M$2692,{2,3,4,5,6,7,8,9,10},0)} -> 0.022763997 | O41: 0.032 | P41: 71 | Q41: 66 | R41: 0.0303 | S41: 0.623 | T41: 0.073 | U41: 57522 | V41: 0.886 | W41: {=VLOOKUP(A41,TOURISM!$A$2:$F$2692,{3,6},0)} -> 680000000 | X41: 448000000 | Y41: =X41/'HUMAN RESOURCES'!I41 -> 7788.3245 | Z41: {=VLOOKUP(A41,BUSINESS!$A$2:$J$2692,{4,5,6,7,8,9},0)} -> 0.489 | AA41: 26 | AB41: 94 | AC41: 302 | AD41: 0.129 | AE41: 0.035
A42: =CONCAT(B42,C42) -> American Samoa-Oceania2001 | B42: American Samoa-Oceania | C42: 2001 | D42: Oceania | F42: =E42/'HUMAN RESOURCES'!I42 -> 0 | G42: 0.064 | H42: 193 | I42: 0.148 | J42: {=VLOOKUP(A42,ENERGY!$A$2:$F$2692,{5,6},0)} -> 14338 | K42: 8529 | L42: =J42/'HUMAN RESOURCES'!I42 -> 0.24645902 | M42: =K42/'HUMAN RESOURCES'!I42 -> 0.14660685 | N42: {=VLOOKUP(A42,'HUMAN RESOURCES'!$A$2:$M$2692,{2,3,4,5,6,7,8,9,10},0)} -> 0.022763997 | O42: 0.032 | P42: 71 | Q42: 66 | R42: 0.0303 | S42: 0.623 | T42: 0.073 | U42: 58176 | V42: 0.885 | W42: {=VLOOKUP(A42,TOURISM!$A$2:$F$2692,{3,6},0)} -> 680000000 | X42: 448000000 | Y42: =X42/'HUMAN RESOURCES'!I42 -> 7700.7701 | Z42: {=VLOOKUP(A42,BUSINESS!$A$2:$J$2692,{4,5,6,7,8,9},0)} -> 0.489 | AA42: 26 | AB42: 94 | AC42: 302 | AD42: 0.129 | AE42: 0.037
A43: =CONCAT(B43,C43) -> American Samoa-Oceania2002 | B43: American Samoa-Oceania | C43: 2002 | D43: Oceania | F43: =E43/'HUMAN RESOURCES'!I43 -> 0 | G43: 0.064 | H43: 193 | I43: 0.148 | J43: {=VLOOKUP(A43,ENERGY!$A$2:$F$2692,{5,6},0)} -> 14338 | K43: 8529 | L43: =J43/'HUMAN RESOURCES'!I43 -> 0.24413833 | M43: =K43/'HUMAN RESOURCES'!I43 -> 0.14522638 | N43: {=VLOOKUP(A43,'HUMAN RESOURCES'!$A$2:$M$2692,{2,3,4,5,6,7,8,9,10},0)} -> 0.022763997 | O43: 0.032 | P43: 71 | Q43: 66 | R43: 0.0303 | S43: 0.623 | T43: 0.073 | U43: 58729 | V43: 0.884 | W43: {=VLOOKUP(A43,TOURISM!$A$2:$F$2692,{3,6},0)} -> 680000000 | X43: 448000000 | Y43: =X43/'HUMAN RESOURCES'!I43 -> 7628.2586 | Z43: {=VLOOKUP(A43,BUSINESS!$A$2:$J$2692,{4,5,6,7,8,9},0)} -> 0.489 | AA43: 26 | AB43: 94 | AC43: 302 | AD43: 0.129 | AE43: 0.035
A44: =CONCAT(B44,C44) -> American Samoa-Oceania2003 | B44: American Samoa-Oceania | C44: 2003 | D44: Oceania | F44: =E44/'HUMAN RESOURCES'!I44 -> 0 | G44: 0.064 | H44: 193 | I44: 0.148 | J44: {=VLOOKUP(A44,ENERGY!$A$2:$F$2692,{5,6},0)} -> 14338 | K44: 8529 | L44: =J44/'HUMAN RESOURCES'!I44 -> 0.24253599 | M44: =K44/'HUMAN RESOURCES'!I44 -> 0.14427322 | N44: {=VLOOKUP(A44,'HUMAN RESOURCES'!$A$2:$M$2692,{2,3,4,5,6,7,8,9,10},0)} -> 0.022763997 | O44: 0.032 | P44: 71 | Q44: 66 | R44: 0.0303 | S44: 0.623 | T44: 0.073 | U44: 59117 | V44: 0.883 | W44: {=VLOOKUP(A44,TOURISM!$A$2:$F$2692,{3,6},0)} -> 680000000 | X44: 448000000 | Y44: =X44/'HUMAN RESOURCES'!I44 -> 7578.1924 | Z44: {=VLOOKUP(A44,BUSINESS!$A$2:$J$2692,{4,5,6,7,8,9},0)} -> 0.489 | AA44: 26 | AB44: 94 | AC44: 302 | AD44: 0.129 | AE44: 0.036
A45: =CONCAT(B45,C45) -> American Samoa-Oceania2004 | B45: American Samoa-Oceania | C45: 2004 | D45: Oceania | F45: =E45/'HUMAN RESOURCES'!I45 -> 0 | G45: 0.064 | H45: 193 | I45: 0.148 | J45: {=VLOOKUP(A45,ENERGY!$A$2:$F$2692,{5,6},0)} -> 14338 | K45: 8529 | L45: =J45/'HUMAN RESOURCES'!I45 -> 0.24194256 | M45: =K45/'HUMAN RESOURCES'!I45 -> 0.14392022 | N45: {=VLOOKUP(A45,'HUMAN RESOURCES'!$A$2:$M$2692,{2,3,4,5,6,7,8,9,10},0)} -> 0.022763997 | O45: 0.032 | P45: 71 | Q45: 66 | R45: 0.0303 | S45: 0.623 | T45: 0.073 | U45: 59262 | V45: 0.882 | W45: {=VLOOKUP(A45,TOURISM!$A$2:$F$2692,{3,6},0)} -> 680000000 | X45: 448000000 | Y45: =X45/'HUMAN RESOURCES'!I45 -> 7559.6504 | Z45: {=VLOOKUP(A45,BUSINESS!$A$2:$J$2692,{4,5,6,7,8,9},0)} -> 0.489 | AA45: 26 | AB45: 94 | AC45: 302 | AD45: 0.129 | AE45: 0.038
A46: =CONCAT(B46,C46) -> American Samoa-Oceania2005 | B46: American Samoa-Oceania | C46: 2005 | D46: Oceania | F46: =E46/'HUMAN RESOURCES'!I46 -> 0 | G46: 0.064 | H46: 193 | I46: 0.148 | J46: {=VLOOKUP(A46,ENERGY!$A$2:$F$2692,{5,6},0)} -> 14338 | K46: 8529 | L46: =J46/'HUMAN RESOURCES'!I46 -> 0.24253599 | M46: =K46/'HUMAN RESOURCES'!I46 -> 0.14427322 | N46: {=VLOOKUP(A46,'HUMAN RESOURCES'!$A$2:$M$2692,{2,3,4,5,6,7,8,9,10},0)} -> 0.022763997 | O46: 0.032 | P46: 71 | Q46: 66 | R46: 0.0303 | S46: 0.623 | T46: 0.073 | U46: 59117 | V46: 0.881 | W46: {=VLOOKUP(A46,TOURISM!$A$2:$F$2692,{3,6},0)} -> 680000000 | X46: 448000000 | Y46: =X46/'HUMAN RESOURCES'!I46 -> 7578.1924 | Z46: {=VLOOKUP(A46,BUSINESS!$A$2:$J$2692,{4,5,6,7,8,9},0)} -> 0.489 | AA46: 26 | AB46: 94 | AC46: 302 | AD46: 0.129 | AE46: 0.58
A47: =CONCAT(B47,C47) -> American Samoa-Oceania2006 | B47: American Samoa-Oceania | C47: 2006 | D47: Oceania | F47: =E47/'HUMAN RESOURCES'!I47 -> 0 | G47: 0.064 | H47: 193 | I47: 0.148 | J47: {=VLOOKUP(A47,ENERGY!$A$2:$F$2692,{5,6},0)} -> 14338 | K47: 8529 | L47: =J47/'HUMAN RESOURCES'!I47 -> 0.24445884 | M47: =K47/'HUMAN RESOURCES'!I47 -> 0.14541704 | N47: {=VLOOKUP(A47,'HUMAN RESOURCES'!$A$2:$M$2692,{2,3,4,5,6,7,8,9,10},0)} -> 0.022 | O47: 0.032 | P47: 71 | Q47: 66 | R47: 0.0303 | S47: 0.623 | T47: 0.073 | U47: 58652 | V47: 0.88 | W47: {=VLOOKUP(A47,TOURISM!$A$2:$F$2692,{3,6},0)} -> 680000000 | X47: 448000000 | Y47: =X47/'HUMAN RESOURCES'!I47 -> 7638.2732 | Z47: {=VLOOKUP(A47,BUSINESS!$A$2:$J$2692,{4,5,6,7,8,9},0)} -> 0.489 | AA47: 26 | AB47: 94 | AC47: 302 | AD47: 0.129 | AE47: 0.58
A48: =CONCAT(B48,C48) -> American Samoa-Oceania2007 | B48: American Samoa-Oceania | C48: 2007 | D48: Oceania | F48: =E48/'HUMAN RESOURCES'!I48 -> 0 | G48: 0.064 | H48: 193 | I48: 0.148 | J48: {=VLOOKUP(A48,ENERGY!$A$2:$F$2692,{5,6},0)} -> 14338 | K48: 8529 | L48: =J48/'HUMAN RESOURCES'!I48 -> 0.24755262 | M48: =K48/'HUMAN RESOURCES'!I48 -> 0.14725738 | N48: {=VLOOKUP(A48,'HUMAN RESOURCES'!$A$2:$M$2692,{2,3,4,5,6,7,8,9,10},0)} -> 0.022763997 | O48: 0.032 | P48: 71 | Q48: 66 | R48: 0.0303 | S48: 0.623 | T48: 0.073 | U48: 57919 | V48: 0.879 | W48: {=VLOOKUP(A48,TOURISM!$A$2:$F$2692,{3,6},0)} -> 680000000 | X48: 448000000 | Y48: =X48/'HUMAN RESOURCES'!I48 -> 7734.9402 | Z48: {=VLOOKUP(A48,BUSINESS!$A$2:$J$2692,{4,5,6,7,8,9},0)} -> 0.489 | AA48: 26 | AB48: 94 | AC48: 302 | AD48: 0.129 | AE48: 0.58
A49: =CONCAT(B49,C49) -> American Samoa-Oceania2008 | B49: American Samoa-Oceania | C49: 2008 | D49: Oceania | F49: =E49/'HUMAN RESOURCES'!I49 -> 0 | G49: 0.064 | H49: 193 | I49: 0.148 | J49: {=VLOOKUP(A49,ENERGY!$A$2:$F$2692,{5,6},0)} -> 14338 | K49: 8529 | L49: =J49/'HUMAN RESOURCES'!I49 -> 0.25131019 | M49: =K49/'HUMAN RESOURCES'!I49 -> 0.14949258 | N49: {=VLOOKUP(A49,'HUMAN RESOURCES'!$A$2:$M$2692,{2,3,4,5,6,7,8,9,10},0)} -> 0.022763997 | O49: 0.032 | P49: 71 | Q49: 66 | R49: 0.0303 | S49: 0.623 | T49: 0.073 | U49: 57053 | V49: 0.878 | W49: {=VLOOKUP(A49,TOURISM!$A$2:$F$2692,{3,6},0)} -> 680000000 | X49: 448000000 | Y49: =X49/'HUMAN RESOURCES'!I49 -> 7852.3478 | Z49: {=VLOOKUP(A49,BUSINESS!$A$2:$J$2692,{4,5,6,7,8,9},0)} -> 0.489 | AA49: 26 | AB49: 94 | AC49: 302 | AD49: 0.129 | AE49: 0.58
A50: =CONCAT(B50,C50) -> American Samoa-Oceania2009 | B50: American Samoa-Oceania | C50: 2009 | D50: Oceania | F50: =E50/'HUMAN RESOURCES'!I50 -> 0 | G50: 0.064 | H50: 193 | I50: 0.148 | J50: {=VLOOKUP(A50,ENERGY!$A$2:$F$2692,{5,6},0)} -> 14338 | K50: 8529 | L50: =J50/'HUMAN RESOURCES'!I50 -> 0.25492044 | M50: =K50/'HUMAN RESOURCES'!I50 -> 0.15164015 | N50: {=VLOOKUP(A50,'HUMAN RESOURCES'!$A$2:$M$2692,{2,3,4,5,6,7,8,9,10},0)} -> 0.022763997 | O50: 0.032 | P50: 71 | Q50: 66 | R50: 0.0303 | S50: 0.623 | T50: 0.073 | U50: 56245 | V50: 0.877 | W50: {=VLOOKUP(A50,TOURISM!$A$2:$F$2692,{3,6},0)} -> 680000000 | X50: 448000000 | Y50: =X50/'HUMAN RESOURCES'!I50 -> 7965.1525 | Z50: {=VLOOKUP(A50,BUSINESS!$A$2:$J$2692,{4,5,6,7,8,9},0)} -> 0.489 | AA50: 26 | AB50: 94 | AC50: 302 | AD50: 0.129 | AE50: 0.58
A51: =CONCAT(B51,C51) -> American Samoa-Oceania2010 | B51: American Samoa-Oceania | C51: 2010 | D51: Oceania | F51: =E51/'HUMAN RESOURCES'!I51 -> 0 | G51: 0.064 | H51: 193 | I51: 0.148 | J51: {=VLOOKUP(A51,ENERGY!$A$2:$F$2692,{5,6},0)} -> 14338 | K51: 8529 | L51: =J51/'HUMAN RESOURCES'!I51 -> 0.25771083 | M51: =K51/'HUMAN RESOURCES'!I51 -> 0.15330002 | N51: {=VLOOKUP(A51,'HUMAN RESOURCES'!$A$2:$M$2692,{2,3,4,5,6,7,8,9,10},0)} -> 0.019 | O51: 0.032 | P51: 71 | Q51: 66 | R51: 0.0303 | S51: 0.623 | T51: 0.073 | U51: 55636 | V51: 0.876 | W51: {=VLOOKUP(A51,TOURISM!$A$2:$F$2692,{3,6},0)} -> 680000000 | X51: 448000000 | Y51: =X51/'HUMAN RESOURCES'!I51 -> 8052.3402 | Z51: {=VLOOKUP(A51,BUSINESS!$A$2:$J$2692,{4,5,6,7,8,9},0)} -> 0.489 | AA51: 26 | AB51: 94 | AC51: 302 | AD51: 0.129 | AE51: 0.58
A52: =CONCAT(B52,C52) -> American Samoa-Oceania2011 | B52: American Samoa-Oceania | C52: 2011 | D52: Oceania | F52: =E52/'HUMAN RESOURCES'!I52 -> 0 | G52: 0.064 | H52: 193 | I52: 0.148 | J52: {=VLOOKUP(A52,ENERGY!$A$2:$F$2692,{5,6},0)} -> 14338 | K52: 8529 | L52: =J52/'HUMAN RESOURCES'!I52 -> 0.25939863 | M52: =K52/'HUMAN RESOURCES'!I52 -> 0.15430401 | N52: {=VLOOKUP(A52,'HUMAN RESOURCES'!$A$2:$M$2692,{2,3,4,5,6,7,8,9,10},0)} -> 0.022763997 | O52: 0.032 | P52: 71 | Q52: 66 | R52: 0.0303 | S52: 0.623 | T52: 0.073 | U52: 55274 | V52: 0.875 | W52: {=VLOOKUP(A52,TOURISM!$A$2:$F$2692,{3,6},0)} -> 680000000 | X52: 448000000 | Y52: =X52/'HUMAN RESOURCES'!I52 -> 8105.0765 | Z52: {=VLOOKUP(A52,BUSINESS!$A$2:$J$2692,{4,5,6,7,8,9},0)} -> 0.489 | AA52: 26 | AB52: 94 | AC52: 302 | AD52: 0.129 | AE52: 0.58
... A54: =CONCAT(B54,C54) -> Andorra-Europe2000 | B54: Andorra-Europe | C54: 2000 | D54: Europe | F54: =E54/'HUMAN RESOURCES'!I54 -> 0 | G54: 0.083 | H54: 3057 | I54: 0.148 | J54: {=VLOOKUP(A54,ENERGY!$A$2:$F$2692,{5,6},0)} -> 14338 | K54: 8529 | L54: =J54/'HUMAN RESOURCES'!I54 -> 0.21923883 | M54: =K54/'HUMAN RESOURCES'!I54 -> 0.13041484 | N54: {=VLOOKUP(A54,'HUMAN RESOURCES'!$A$2:$M$2692,{2,3,4,5,6,7,8,9,10},0)} -> 0.011 | O54: 0.004 | P54: 71 | Q54: 66 | R54: 0.0303 | S54: 0.623 | T54: 0.073 | U54: 65399 | V54: 0.924 | W54: {=VLOOKUP(A54,TOURISM!$A$2:$F$2692,{3,6},0)} -> 680000000 | X54: 448000000 | Y54: =X54/'HUMAN RESOURCES'!I54 -> 6850.2576 | Z54: {=VLOOKUP(A54,BUSINESS!$A$2:$J$2692,{4,5,6,7,8,9},0)} -> 0.489 | AA54: 26 | AB54: 94 | AC54: 302 | AD54: 0.105 | AE54: 0.36
A55: =CONCAT(B55,C55) -> Andorra-Europe2001 | B55: Andorra-Europe | C55: 2001 | D55: Europe | E55: 1133644295 | F55: =E55/'HUMAN RESOURCES'!I55 -> 16671.24 | G55: 0.062 | H55: 1330 | I55: 0.148 | J55: {=VLOOKUP(A55,ENERGY!$A$2:$F$2692,{5,6},0)} -> 14338 | K55: 8529 | L55: =J55/'HUMAN RESOURCES'!I55 -> 0.21085294 | M55: =K55/'HUMAN RESOURCES'!I55 -> 0.12542647 | N55: {=VLOOKUP(A55,'HUMAN RESOURCES'!$A$2:$M$2692,{2,3,4,5,6,7,8,9,10},0)} -> 0.012 | O55: 0.004 | P55: 71 | Q55: 66 | R55: 0.0303 | S55: 0.623 | T55: 0.073 | U55: 68000 | V55: 0.921 | W55: {=VLOOKUP(A55,TOURISM!$A$2:$F$2692,{3,6},0)} -> 680000000 | X55: 448000000 | Y55: =X55/'HUMAN RESOURCES'!I55 -> 6588.2353 | Z55: {=VLOOKUP(A55,BUSINESS!$A$2:$J$2692,{4,5,6,7,8,9},0)} -> 0.489 | AA55: 26 | AB55: 94 | AC55: 302 | AD55: 0.129 | AE55: 0.433
A56: =CONCAT(B56,C56) -> Andorra-Europe2002 | B56: Andorra-Europe | C56: 2002 | D56: Europe | E56: 1264760246 | F56: =E56/'HUMAN RESOURCES'!I56 -> 17654.633 | G56: 0.056 | H56: 1294 | I56: 0.148 | J56: {=VLOOKUP(A56,ENERGY!$A$2:$F$2692,{5,6},0)} -> 14338 | K56: 517 | L56: =J56/'HUMAN RESOURCES'!I56 -> 0.20014238 | M56: =K56/'HUMAN RESOURCES'!I56 -> 0.0072167395 | N56: {=VLOOKUP(A56,'HUMAN RESOURCES'!$A$2:$M$2692,{2,3,4,5,6,7,8,9,10},0)} -> 0.011 | O56: 0.004 | P56: 71 | Q56: 66 | R56: 0.0303 | S56: 0.623 | T56: 0.073 | U56: 71639 | V56: 0.916 | W56: {=VLOOKUP(A56,TOURISM!$A$2:$F$2692,{3,6},0)} -> 680000000 | X56: 448000000 | Y56: =X56/'HUMAN RESOURCES'!I56 -> 6253.577 | Z56: {=VLOOKUP(A56,BUSINESS!$A$2:$J$2692,{4,5,6,7,8,9},0)} -> 0.489 | AA56: 26 | AB56: 94 | AC56: 302 | AD56: 0.113 | AE56: 0.458
A57: =CONCAT(B57,C57) -> Andorra-Europe2003 | B57: Andorra-Europe | C57: 2003 | D57: Europe | E57: 1456198796 | F57: =E57/'HUMAN RESOURCES'!I57 -> 19250.939 | G57: 0.058 | H57: 1486 | I57: 0.148 | J57: {=VLOOKUP(A57,ENERGY!$A$2:$F$2692,{5,6},0)} -> 14338 | K57: 517 | L57: =J57/'HUMAN RESOURCES'!I57 -> 0.18954827 | M57: =K57/'HUMAN RESOURCES'!I57 -> 0.0068347369 | N57: {=VLOOKUP(A57,'HUMAN RESOURCES'!$A$2:$M$2692,{2,3,4,5,6,7,8,9,10},0)} -> 0.01 | O57: 0.003 | P57: 71 | Q57: 66 | R57: 0.0303 | S57: 0.623 | T57: 0.073 | U57: 75643 | V57: 0.912 | W57: {=VLOOKUP(A57,TOURISM!$A$2:$F$2692,{3,6},0)} -> 680000000 | X57: 448000000 | Y57: =X57/'HUMAN RESOURCES'!I57 -> 5922.5573 | Z57: {=VLOOKUP(A57,BUSINESS!$A$2:$J$2692,{4,5,6,7,8,9},0)} -> 0.489 | AA57: 26 | AB57: 94 | AC57: 302 | AD57: 0.135 | AE57: 0.686
A58: =CONCAT(B58,C58) -> Andorra-Europe2004 | B58: Andorra-Europe | C58: 2004 | D58: Europe | E58: 1917948475 | F58: =E58/'HUMAN RESOURCES'!I58 -> 24259.404 | G58: 0.058 | H58: 1891 | I58: 0.148 | J58: {=VLOOKUP(A58,ENERGY!$A$2:$F$2692,{5,6},0)} -> 14338 | K58: 539 | L58: =J58/'HUMAN RESOURCES'!I58 -> 0.18135593 | M58: =K58/'HUMAN RESOURCES'!I58 -> 0.0068176069 | N58: {=VLOOKUP(A58,'HUMAN RESOURCES'!$A$2:$M$2692,{2,3,4,5,6,7,8,9,10},0)} -> 0.011 | O58: 0.003 | P58: 71 | Q58: 66 | R58: 0.0303 | S58: 0.623 | T58: 0.073 | U58: 79060 | V58: 0.908 | W58: {=VLOOKUP(A58,TOURISM!$A$2:$F$2692,{3,6},0)} -> 680000000 | X58: 448000000 | Y58: =X58/'HUMAN RESOURCES'!I58 -> 5666.5823 | Z58: {=VLOOKUP(A58,BUSINESS!$A$2:$J$2692,{4,5,6,7,8,9},0)} -> 0.489 | AA58: 26 | AB58: 94 | AC58: 302 | AD58: 0.268 | AE58: 0.738
A59: =CONCAT(B59,C59) -> Andorra-Europe2005 | B59: Andorra-Europe | C59: 2005 | D59: Europe | E59: 2322163502 | F59: =E59/'HUMAN RESOURCES'!I59 -> 28589.975 | G59: 0.057 | H59: 2193 | I59: 0.148 | J59: {=VLOOKUP(A59,ENERGY!$A$2:$F$2692,{5,6},0)} -> 14338 | K59: 539 | L59: =J59/'HUMAN RESOURCES'!I59 -> 0.17652635 | M59: =K59/'HUMAN RESOURCES'!I59 -> 0.0066360514 | N59: {=VLOOKUP(A59,'HUMAN RESOURCES'!$A$2:$M$2692,{2,3,4,5,6,7,8,9,10},0)} -> 0.011 | O59: 0.003 | P59: 71 | Q59: 66 | R59: 0.0303 | S59: 0.623 | T59: 0.073 | U59: 81223 | V59: 0.903 | W59: {=VLOOKUP(A59,TOURISM!$A$2:$F$2692,{3,6},0)} -> 680000000 | X59: 448000000 | Y59: =X59/'HUMAN RESOURCES'!I59 -> 5515.6791 | Z59: {=VLOOKUP(A59,BUSINESS!$A$2:$J$2692,{4,5,6,7,8,9},0)} -> 0.489 | AA59: 26 | AB59: 94 | AC59: 302 | AD59: 0.376 | AE59: 0.795
A60: =CONCAT(B60,C60) -> Andorra-Europe2006 | B60: Andorra-Europe | C60: 2006 | D60: Europe | E60: 2539759286 | F60: =E60/'HUMAN RESOURCES'!I60 -> 31019.203 | G60: 0.058 | H60: 2356 | I60: 0.148 | J60: {=VLOOKUP(A60,ENERGY!$A$2:$F$2692,{5,6},0)} -> 14338 | K60: 576 | L60: =J60/'HUMAN RESOURCES'!I60 -> 0.17511633 | M60: =K60/'HUMAN RESOURCES'!I60 -> 0.0070349427 | N60: {=VLOOKUP(A60,'HUMAN RESOURCES'!$A$2:$M$2692,{2,3,4,5,6,7,8,9,10},0)} -> 0.011 | O60: 0.003 | P60: 71 | Q60: 66 | R60: 0.0303 | S60: 0.623 | T60: 0.073 | U60: 81877 | V60: 0.898 | W60: {=VLOOKUP(A60,TOURISM!$A$2:$F$2692,{3,6},0)} -> 680000000 | X60: 448000000 | Y60: =X60/'HUMAN RESOURCES'!I60 -> 5471.6221 | Z60: {=VLOOKUP(A60,BUSINESS!$A$2:$J$2692,{4,5,6,7,8,9},0)} -> 0.489 | AA60: 26 | AB60: 94 | AC60: 302 | AD60: 0.489 | AE60: 0.843
A61: =CONCAT(B61,C61) -> Andorra-Europe2007 | B61: Andorra-Europe | C61: 2007 | D61: Europe | E61: 2823503853 | F61: =E61/'HUMAN RESOURCES'!I61 -> 34732.862 | G61: 0.06 | H61: 2631 | I61: 0.148 | J61: {=VLOOKUP(A61,ENERGY!$A$2:$F$2692,{5,6},0)} -> 14338 | K61: 535 | L61: =J61/'HUMAN RESOURCES'!I61 -> 0.17637652 | M61: =K61/'HUMAN RESOURCES'!I61 -> 0.0065812134 | N61: {=VLOOKUP(A61,'HUMAN RESOURCES'!$A$2:$M$2692,{2,3,4,5,6,7,8,9,10},0)} -> 0.01 | O61: 0.003 | P61: 71 | Q61: 66 | R61: 0.0303 | S61: 0.623 | T61: 0.073 | U61: 81292 | V61: 0.894 | W61: {=VLOOKUP(A61,TOURISM!$A$2:$F$2692,{3,6},0)} -> 680000000 | X61: 448000000 | Y61: =X61/'HUMAN RESOURCES'!I61 -> 5510.9974 | Z61: {=VLOOKUP(A61,BUSINESS!$A$2:$J$2692,{4,5,6,7,8,9},0)} -> 0.489 | AA61: 26 | AB61: 94 | AC61: 302 | AD61: 0.709 | AE61: 0.781
A62: =CONCAT(B62,C62) -> Andorra-Europe2008 | B62: Andorra-Europe | C62: 2008 | D62: Europe | E62: 3245411584 | F62: =E62/'HUMAN RESOURCES'!I62 -> 40583.371 | G62: 0.062 | H62: 3012 | I62: 0.148 | J62: {=VLOOKUP(A62,ENERGY!$A$2:$F$2692,{5,6},0)} -> 14338 | K62: 524 | L62: =J62/'HUMAN RESOURCES'!I62 -> 0.17929448 | M62: =K62/'HUMAN RESOURCES'!I62 -> 0.0065525391 | N62: {=VLOOKUP(A62,'HUMAN RESOURCES'!$A$2:$M$2692,{2,3,4,5,6,7,8,9,10},0)} -> 0.01 | O62: 0.003 | P62: 71 | Q62: 66 | R62: 0.0303 | S62: 0.623 | T62: 0.073 | U62: 79969 | V62: 0.889 | W62: {=VLOOKUP(A62,TOURISM!$A$2:$F$2692,{3,6},0)} -> 680000000 | X62: 448000000 | Y62: =X62/'HUMAN RESOURCES'!I62 -> 5602.1708 | Z62: {=VLOOKUP(A62,BUSINESS!$A$2:$J$2692,{4,5,6,7,8,9},0)} -> 0.489 | AA62: 26 | AB62: 94 | AC62: 302 | AD62: 0.7 | AE62: 0.803
A63: =CONCAT(B63,C63) -> Andorra-Europe2009 | B63: Andorra-Europe | C63: 2009 | D63: Europe | E63: 3712034267 | F63: =E63/'HUMAN RESOURCES'!I63 -> 47191.475 | G63: 0.062 | H63: 3105 | I63: 0.148 | J63: {=VLOOKUP(A63,ENERGY!$A$2:$F$2692,{5,6},0)} -> 14338 | K63: 546 | L63: =J63/'HUMAN RESOURCES'!I63 -> 0.18228048 | M63: =K63/'HUMAN RESOURCES'!I63 -> 0.0069413545 | N63: {=VLOOKUP(A63,'HUMAN RESOURCES'!$A$2:$M$2692,{2,3,4,5,6,7,8,9,10},0)} -> 0.01 | O63: 0.003 | P63: 71 | Q63: 66 | R63: 0.0303 | S63: 0.623 | T63: 0.073 | U63: 78659 | V63: 0.884 | W63: {=VLOOKUP(A63,TOURISM!$A$2:$F$2692,{3,6},0)} -> 680000000 | X63: 448000000 | Y63: =X63/'HUMAN RESOURCES'!I63 -> 5695.4703 | Z63: {=VLOOKUP(A63,BUSINESS!$A$2:$J$2692,{4,5,6,7,8,9},0)} -> 0.489 | AA63: 26 | AB63: 94 | AC63: 302 | AD63: 0.785 | AE63: 0.821
A64: =CONCAT(B64,C64) -> Andorra-Europe2010 | B64: Andorra-Europe | C64: 2010 | D64: Europe | E64: 3712034267 | F64: =E64/'HUMAN RESOURCES'!I64 -> 47646.993 | G64: 0.062 | H64: 2762 | I64: 0.148 | J64: {=VLOOKUP(A64,ENERGY!$A$2:$F$2692,{5,6},0)} -> 14338 | K64: 565 | L64: =J64/'HUMAN RESOURCES'!I64 -> 0.18403995 | M64: =K64/'HUMAN RESOURCES'!I64 -> 0.0072522366 | N64: {=VLOOKUP(A64,'HUMAN RESOURCES'!$A$2:$M$2692,{2,3,4,5,6,7,8,9,10},0)} -> 0.01 | O64: 0.002 | P64: 71 | Q64: 66 | R64: 0.0303 | S64: 0.623 | T64: 0.073 | U64: 77907 | V64: 0.878 | W64: {=VLOOKUP(A64,TOURISM!$A$2:$F$2692,{3,6},0)} -> 680000000 | X64: 448000000 | Y64: =X64/'HUMAN RESOURCES'!I64 -> 5750.446 | Z64: {=VLOOKUP(A64,BUSINESS!$A$2:$J$2692,{4,5,6,7,8,9},0)} -> 0.489 | AA64: 26 | AB64: 94 | AC64: 302 | AD64: 0.81 | AE64: 0.841
A65: =CONCAT(B65,C65) -> Andorra-Europe2011 | B65: Andorra-Europe | C65: 2011 | D65: Europe | F65: =E65/'HUMAN RESOURCES'!I65 -> 0 | G65: 0.072 | H65: 2958 | I65: 0.148 | J65: {=VLOOKUP(A65,ENERGY!$A$2:$F$2692,{5,6},0)} -> 14338 | K65: 524 | L65: =J65/'HUMAN RESOURCES'!I65 -> 0.18413922 | M65: =K65/'HUMAN RESOURCES'!I65 -> 0.0067295961 | N65: {=VLOOKUP(A65,'HUMAN RESOURCES'!$A$2:$M$2692,{2,3,4,5,6,7,8,9,10},0)} -> 0.022763997 | O65: 0.002 | P65: 71 | Q65: 66 | R65: 0.0303 | S65: 0.623 | T65: 0.073 | U65: 77865 | V65: 0.873 | W65: {=VLOOKUP(A65,TOURISM!$A$2:$F$2692,{3,6},0)} -> 680000000 | X65: 448000000 | Y65: =X65/'HUMAN RESOURCES'!I65 -> 5753.5478 | Z65: {=VLOOKUP(A65,BUSINESS!$A$2:$J$2692,{4,5,6,7,8,9},0)} -> 0.489 | AA65: 26 | AB65: 94 | AC65: 302 | AD65: 0.81 | AE65: 0.835
A66: =CONCAT(B66,C66) -> Andorra-Europe2012 | B66: Andorra-Europe | C66: 2012 | D66: Europe | F66: =E66/'HUMAN RESOURCES'!I66 -> 0 | G66: 0.072 | H66: 3053 | I66: 0.148 | J66: {=VLOOKUP(A66,ENERGY!$A$2:$F$2692,{5,6},0)} -> 14338 | K66: 532 | L66: =J66/'HUMAN RESOURCES'!I66 -> 0.18297601 | M66: =K66/'HUMAN RESOURCES'!I66 -> 0.0067891782 | N66: {=VLOOKUP(A66,'HUMAN RESOURCES'!$A$2:$M$2692,{2,3,4,5,6,7,8,9,10},0)} -> 0.01 | O66: 0.002 | P66: 71 | Q66: 66 | R66: 0.0303 | S66: 0.623 | T66: 0.073 | U66: 78360 | V66: 0.867 | W66: {=VLOOKUP(A66,TOURISM!$A$2:$F$2692,{3,6},0)} -> 680000000 | X66: 448000000 | Y66: =X66/'HUMAN RESOURCES'!I66 -> 5717.2027 | Z66: {=VLOOKUP(A66,BUSINESS!$A$2:$J$2692,{4,5,6,7,8,9},0)} -> 0.489 | AA66: 26 | AB66: 94 | AC66: 302 | AD66: 0.864 | AE66: 0.815
A67: =CONCAT(B67,C67) -> Angola-Africa2000 | B67: Angola-Africa | C67: 2000 | D67: Africa | E67: 115000000000 | F67: =E67/'HUMAN RESOURCES'!I67 -> 8258.5693 | G67: 0.035 | H67: 190 | I67: 0.167 | J67: {=VLOOKUP(A67,ENERGY!$A$2:$F$2692,{5,6},0)} -> 14338 | K67: 8529 | L67: =J67/'HUMAN RESOURCES'!I67 -> 0.0010296641 | M67: =K67/'HUMAN RESOURCES'!I67 -> 0.00061249859 | N67: {=VLOOKUP(A67,'HUMAN RESOURCES'!$A$2:$M$2692,{2,3,4,5,6,7,8,9,10},0)} -> 0.05 | O67: 0.128 | P67: 47 | Q67: 44 | R67: 0.476 | S67: 0.499 | T67: 0.025 | U67: 13924930 | V67: 0.324 | W67: {=VLOOKUP(A67,TOURISM!$A$2:$F$2692,{3,6},0)} -> 34000000 | X67: 146000000 | Y67: =X67/'HUMAN RESOURCES'!I67 -> 10.484792 | Z67: {=VLOOKUP(A67,BUSINESS!$A$2:$J$2692,{4,5,6,7,8,9},0)} -> 0.489 | AA67: 26 | AB67: 94 | AC67: 302 | AD67: 0.001 | AE67: 0.002
A68: =CONCAT(B68,C68) -> Angola-Africa2001 | B68: Angola-Africa | C68: 2001 | D68: Africa | E68: 9129594819 | F68: =E68/'HUMAN RESOURCES'!I68 -> 634.64826 | G68: 0.034 | H68: 22 | I68: 1.032 | J68: {=VLOOKUP(A68,ENERGY!$A$2:$F$2692,{5,6},0)} -> 13576 | K68: 8529 | L68: =J68/'HUMAN RESOURCES'!I68 -> 0.0009437423 | M68: =K68/'HUMAN RESOURCES'!I68 -> 0.00059289762 | N68: {=VLOOKUP(A68,'HUMAN RESOURCES'!$A$2:$M$2692,{2,3,4,5,6,7,8,9,10},0)} -> 0.05 | O68: 0.127 | P68: 47 | Q68: 45 | R68: 0.477 | S68: 0.499 | T68: 0.025 | U68: 14385283 | V68: 0.332 | W68: {=VLOOKUP(A68,TOURISM!$A$2:$F$2692,{3,6},0)} -> 35000000 | X68: 80000000 | Y68: =X68/'HUMAN RESOURCES'!I68 -> 5.5612392 | Z68: {=VLOOKUP(A68,BUSINESS!$A$2:$J$2692,{4,5,6,7,8,9},0)} -> 0.489 | AA68: 26 | AB68: 94 | AC68: 302 | AD68: 0.001 | AE68: 0.005
A69: =CONCAT(B69,C69) -> Angola-Africa2002 | B69: Angola-Africa | C69: 2002 | D69: Africa | E69: 8936079253 | F69: =E69/'HUMAN RESOURCES'!I69 -> 600.27776 | G69: 0.058 | H69: 36 | I69: 0.96 | J69: {=VLOOKUP(A69,ENERGY!$A$2:$F$2692,{5,6},0)} -> 13378 | K69: 30418 | L69: =J69/'HUMAN RESOURCES'!I69 -> 0.00089866211 | M69: =K69/'HUMAN RESOURCES'!I69 -> 0.0020433177 | N69: {=VLOOKUP(A69,'HUMAN RESOURCES'!$A$2:$M$2692,{2,3,4,5,6,7,8,9,10},0)} -> 0.05 | O69: 0.126 | P69: 48 | Q69: 45 | R69: 0.477 | S69: 0.499 | T69: 0.025 | U69: 14886574 | V69: 0.339 | W69: {=VLOOKUP(A69,TOURISM!$A$2:$F$2692,{3,6},0)} -> 51000000 | X69: 52000000 | Y69: =X69/'HUMAN RESOURCES'!I69 -> 3.4930804 | Z69: {=VLOOKUP(A69,BUSINESS!$A$2:$J$2692,{4,5,6,7,8,9},0)} -> 0.489 | AA69: 26 | AB69: 94 | AC69: 302 | AD69: 0.003 | AE69: 0.009
A70: =CONCAT(B70,C70) -> Angola-Africa2003 | B70: Angola-Africa | C70: 2003 | D70: Africa | E70: 12497346043 | F70: =E70/'HUMAN RESOURCES'!I70 -> 810.40693 | G70: 0.044 | H70: 33 | I70: 0.973 | J70: {=VLOOKUP(A70,ENERGY!$A$2:$F$2692,{5,6},0)} -> 12586 | K70: 27836 | L70: =J70/'HUMAN RESOURCES'!I70 -> 0.00081615581 | M70: =K70/'HUMAN RESOURCES'!I70 -> 0.0018050622 | N70: {=VLOOKUP(A70,'HUMAN RESOURCES'!$A$2:$M$2692,{2,3,4,5,6,7,8,9,10},0)} -> 0.05 | O70: 0.125 | P70: 49 | Q70: 46 | R70: 0.477 | S70: 0.498 | T70: 0.025 | U70: 15421075 | V70: 0.346 | W70: {=VLOOKUP(A70,TOURISM!$A$2:$F$2692,{3,6},0)} -> 63000000 | X70: 49000000 | Y70: =X70/'HUMAN RESOURCES'!I70 -> 3.1774698 | Z70: {=VLOOKUP(A70,BUSINESS!$A$2:$J$2692,{4,5,6,7,8,9},0)} -> 0.489 | AA70: 119 | AB70: 94 | AC70: 302 | AD70: 0.004 | AE70: 0.023
A71: =CONCAT(B71,C71) -> Angola-Africa2004 | B71: Angola-Africa | C71: 2004 | D71: Africa | E71: 14188949240 | F71: =E71/'HUMAN RESOURCES'!I71 -> 888.10179 | G71: 0.049 | H71: 45 | I71: 0.961 | J71: {=VLOOKUP(A71,ENERGY!$A$2:$F$2692,{5,6},0)} -> 11584 | K71: 26597 | L71: =J71/'HUMAN RESOURCES'!I71 -> 0.00072505518 | M71: =K71/'HUMAN RESOURCES'!I71 -> 0.0016647352 | N71: {=VLOOKUP(A71,'HUMAN RESOURCES'!$A$2:$M$2692,{2,3,4,5,6,7,8,9,10},0)} -> 0.05 | O71: 0.123 | P71: 49 | Q71: 47 | R71: 0.477 | S71: 0.498 | T71: 0.025 | U71: 15976715 | V71: 0.354 | W71: {=VLOOKUP(A71,TOURISM!$A$2:$F$2692,{3,6},0)} -> 82000000 | X71: 86000000 | Y71: =X71/'HUMAN RESOURCES'!I71 -> 5.3828337 | Z71: {=VLOOKUP(A71,BUSINESS!$A$2:$J$2692,{4,5,6,7,8,9},0)} -> 0.489 | AA71: 119 | AB71: 94 | AC71: 302 | AD71: 0.005 | AE71: 0.046
A72: =CONCAT(B72,C72) -> Angola-Africa2005 | B72: Angola-Africa | C72: 2005 | D72: Africa | E72: 19640862550 | F72: =E72/'HUMAN RESOURCES'!I72 -> 1187.1625 | G72: 0.051 | H72: 63 | I72: 0.823 | J72: {=VLOOKUP(A72,ENERGY!$A$2:$F$2692,{5,6},0)} -> 10697 | K72: 25152 | L72: =J72/'HUMAN RESOURCES'!I72 -> 0.00064656413 | M72: =K72/'HUMAN RESOURCES'!I72 -> 0.0015202749 | N72: {=VLOOKUP(A72,'HUMAN RESOURCES'!$A$2:$M$2692,{2,3,4,5,6,7,8,9,10},0)} -> 0.049 | O72: 0.122 | P72: 50 | Q72: 47 | R72: 0.478 | S72: 0.498 | T72: 0.025 | U72: 16544376 | V72: 0.362 | W72: {=VLOOKUP(A72,TOURISM!$A$2:$F$2692,{3,6},0)} -> 103000000 | X72: 135000000 | Y72: =X72/'HUMAN RESOURCES'!I72 -> 8.1598726 | Z72: {=VLOOKUP(A72,BUSINESS!$A$2:$J$2692,{4,5,6,7,8,9},0)} -> 0.521 | AA72: 119 | AB72: 94 | AC72: 272 | AD72: 0.011 | AE72: 0.097
A73: =CONCAT(B73,C73) -> Angola-Africa2006 | B73: Angola-Africa | C73: 2006 | D73: Africa | E73: 28233699240 | F73: =E73/'HUMAN RESOURCES'!I73 -> 1648.9326 | G73: 0.042 | H73: 71 | I73: 0.677 | J73: {=VLOOKUP(A73,ENERGY!$A$2:$F$2692,{5,6},0)} -> 9356 | K73: 19156 | L73: =J73/'HUMAN RESOURCES'!I73 -> 0.00054641844 | M73: =K73/'HUMAN RESOURCES'!I73 -> 0.0011187678 | N73: {=VLOOKUP(A73,'HUMAN RESOURCES'!$A$2:$M$2692,{2,3,4,5,6,7,8,9,10},0)} -> 0.049 | O73: 0.12 | P73: 50 | Q73: 48 | R73: 0.478 | S73: 0.497 | T73: 0.024 | U73: 17122409 | V73: 0.369 | W73: {=VLOOKUP(A73,TOURISM!$A$2:$F$2692,{3,6},0)} -> 91000000 | X73: 393000000 | Y73: =X73/'HUMAN RESOURCES'!I73 -> 22.952378 | Z73: {=VLOOKUP(A73,BUSINESS!$A$2:$J$2692,{4,5,6,7,8,9},0)} -> 0.521 | AA73: 119 | AB73: 94 | AC73: 272 | AD73: 0.019 | AE73: 0.178
A74: =CONCAT(B74,C74) -> Angola-Africa2007 | B74: Angola-Africa | C74: 2007 | D74: Africa | E74: 41789494462 | F74: =E74/'HUMAN RESOURCES'!I74 -> 2359.279 | G74: 0.045 | H74: 111 | I74: 0.195 | J74: {=VLOOKUP(A74,ENERGY!$A$2:$F$2692,{5,6},0)} -> 9004 | K74: 9065 | L74: =J74/'HUMAN RESOURCES'!I74 -> 0.00050833227 | M74: =K74/'HUMAN RESOURCES'!I74 -> 0.0005117761 | N74: {=VLOOKUP(A74,'HUMAN RESOURCES'!$A$2:$M$2692,{2,3,4,5,6,7,8,9,10},0)} -> 0.048 | O74: 0.117 | P74: 51 | Q74: 48 | R74: 0.479 | S74: 0.497 | T74: 0.024 | U74: 17712824 | V74: 0.377 | W74: {=VLOOKUP(A74,TOURISM!$A$2:$F$2692,{3,6},0)} -> 236000000 | X74: 473000000 | Y74: =X74/'HUMAN RESOURCES'!I74 -> 26.703816 | Z74: {=VLOOKUP(A74,BUSINESS!$A$2:$J$2692,{4,5,6,7,8,9},0)} -> 0.521 | AA74: 119 | AB74: 94 | AC74: 272 | AD74: 0.032 | AE74: 0.28
A75: =CONCAT(B75,C75) -> Angola-Africa2008 | B75: Angola-Africa | C75: 2008 | D75: Africa | E75: 60448890972 | F75: =E75/'HUMAN RESOURCES'!I75 -> 3300.6135 | G75: 0.034 | H75: 115 | I75: 0.177 | J75: {=VLOOKUP(A75,ENERGY!$A$2:$F$2692,{5,6},0)} -> 7499 | K75: 9542 | L75: =J75/'HUMAN RESOURCES'!I75 -> 0.00040945831 | M75: =K75/'HUMAN RESOURCES'!I75 -> 0.00052100962 | N75: {=VLOOKUP(A75,'HUMAN RESOURCES'!$A$2:$M$2692,{2,3,4,5,6,7,8,9,10},0)} -> 0.048 | O75: 0.115 | P75: 51 | Q75: 48 | R75: 0.479 | S75: 0.497 | T75: 0.024 | U75: 18314441 | V75: 0.385 | W75: {=VLOOKUP(A75,TOURISM!$A$2:$F$2692,{3,6},0)} -> 293000000 | X75: 447000000 | Y75: =X75/'HUMAN RESOURCES'!I75 -> 24.406969 | Z75: {=VLOOKUP(A75,BUSINESS!$A$2:$J$2692,{4,5,6,7,8,9},0)} -> 0.521 | AA75: 68 | AB75: 94 | AC75: 272 | AD75: 0.046 | AE75: 0.37
A76: =CONCAT(B76,C76) -> Angola-Africa2009 | B76: Angola-Africa | C76: 2009 | D76: Africa | E76: 84178086999 | F76: =E76/'HUMAN RESOURCES'!I76 -> 4447.5957 | G76: 0.038 | H76: 177 | I76: 0.125 | J76: {=VLOOKUP(A76,ENERGY!$A$2:$F$2692,{5,6},0)} -> 10006 | K76: 22266 | L76: =J76/'HUMAN RESOURCES'!I76 -> 0.00052867253 | M76: =K76/'HUMAN RESOURCES'!I76 -> 0.0011764364 | N76: {=VLOOKUP(A76,'HUMAN RESOURCES'!$A$2:$M$2692,{2,3,4,5,6,7,8,9,10},0)} -> 0.047 | O76: 0.112 | P76: 52 | Q76: 49 | R76: 0.479 | S76: 0.497 | T76: 0.024 | U76: 18926650 | V76: 0.393 | W76: {=VLOOKUP(A76,TOURISM!$A$2:$F$2692,{3,6},0)} -> 554000000 | X76: 270000000 | Y76: =X76/'HUMAN RESOURCES'!I76 -> 14.265599 | Z76: {=VLOOKUP(A76,BUSINESS!$A$2:$J$2692,{4,5,6,7,8,9},0)} -> 0.521 | AA76: 68 | AB76: 94 | AC76: 272 | AD76: 0.06 | AE76: 0.428
A77: =CONCAT(B77,C77) -> Angola-Africa2010 | B77: Angola-Africa | C77: 2010 | D77: Africa | E77: 75492417649 | F77: =E77/'HUMAN RESOURCES'!I77 -> 3861.6778 | G77: 0.044 | H77: 174 | I77: 0.157 | J77: {=VLOOKUP(A77,ENERGY!$A$2:$F$2692,{5,6},0)} -> 9676 | K77: 18793 | L77: =J77/'HUMAN RESOURCES'!I77 -> 0.00049495824 | M77: =K77/'HUMAN RESOURCES'!I77 -> 0.00096132185 | N77: {=VLOOKUP(A77,'HUMAN RESOURCES'!$A$2:$M$2692,{2,3,4,5,6,7,8,9,10},0)} -> 0.046 | O77: 0.11 | P77: 52 | Q77: 49 | R77: 0.478 | S77: 0.498 | T77: 0.024 | U77: 19549124 | V77: 0.401 | W77: {=VLOOKUP(A77,TOURISM!$A$2:$F$2692,{3,6},0)} -> 726000000 | X77: 275000000 | Y77: =X77/'HUMAN RESOURCES'!I77 -> 14.067126 | Z77: {=VLOOKUP(A77,BUSINESS!$A$2:$J$2692,{4,5,6,7,8,9},0)} -> 0.521 | AA77: 66 | AB77: 94 | AC77: 282 | AD77: 0.1 | AE77: 0.481
A78: =CONCAT(B78,C78) -> Angola-Africa2011 | B78: Angola-Africa | C78: 2011 | D78: Africa | E78: 82470894868 | F78: =E78/'HUMAN RESOURCES'!I78 -> 4086.6646 | G78: 0.034 | H78: 144 | I78: 0.225 | J78: {=VLOOKUP(A78,ENERGY!$A$2:$F$2692,{5,6},0)} -> 7883 | K78: 9732 | L78: =J78/'HUMAN RESOURCES'!I78 -> 0.00039062481 | M78: =K78/'HUMAN RESOURCES'!I78 -> 0.00048224795 | N78: {=VLOOKUP(A78,'HUMAN RESOURCES'!$A$2:$M$2692,{2,3,4,5,6,7,8,9,10},0)} -> 0.046 | O78: 0.107 | P78: 53 | Q78: 50 | R78: 0.477 | S78: 0.499 | T78: 0.024 | U78: 20180490 | V78: 0.409 | W78: {=VLOOKUP(A78,TOURISM!$A$2:$F$2692,{3,6},0)} -> 653000000 | X78: 323000000 | Y78: =X78/'HUMAN RESOURCES'!I78 -> 16.005558 | Z78: {=VLOOKUP(A78,BUSINESS!$A$2:$J$2692,{4,5,6,7,8,9},0)} -> 0.521 | AA78: 66 | AB78: 94 | AC78: 282 | AD78: 0.148 | AE78: 0.53
... A118: =CONCAT(B118,C118) -> Armenia-Asia2012 | B118: Armenia-Asia | C118: 2012 | D118: Asia | E118: 10142342770 | F118: =E118/'HUMAN RESOURCES'!I118 -> 3415.9872 | G118: 0.037 | H118: 127 | I118: 0.178 | J118: {=VLOOKUP(A118,ENERGY!$A$2:$F$2692,{5,6},0)} -> 1876 | K118: 3044 | L118: =J118/'HUMAN RESOURCES'!I118 -> 0.00063184534 | M118: =K118/'HUMAN RESOURCES'!I118 -> 0.0010252331 | N118: {=VLOOKUP(A118,'HUMAN RESOURCES'!$A$2:$M$2692,{2,3,4,5,6,7,8,9,10},0)} -> 0.014 | O118: 0.015 | P118: 78 | Q118: 71 | R118: 0.203 | S118: 0.693 | T118: 0.103 | U118: 2969081 | V118: 0.632 | W118: {=VLOOKUP(A118,TOURISM!$A$2:$F$2692,{3,6},0)} -> 487000000 | X118: 556000000 | Y118: =X118/'HUMAN RESOURCES'!I118 -> 187.26333 | Z118: {=VLOOKUP(A118,BUSINESS!$A$2:$J$2692,{4,5,6,7,8,9},0)} -> 0.388 | AA118: 8 | AB118: 40 | AC118: 380 | AD118: 0.392 | AE118: 1.119
A119: =CONCAT(B119,C119) -> Aruba-The Americas2000 | B119: Aruba-The Americas | C119: 2000 | D119: The Americas | F119: =E119/'HUMAN RESOURCES'!I119 -> 0 | G119: 0.064 | H119: 193 | I119: 0.092 | J119: {=VLOOKUP(A119,ENERGY!$A$2:$F$2692,{5,6},0)} -> 14338 | K119: 8529 | L119: =J119/'HUMAN RESOURCES'!I119 -> 0.15780669 | M119: =K119/'HUMAN RESOURCES'!I119 -> 0.093871756 | N119: {=VLOOKUP(A119,'HUMAN RESOURCES'!$A$2:$M$2692,{2,3,4,5,6,7,8,9,10},0)} -> 0.014 | O119: 0.032 | P119: 76 | Q119: 71 | R119: 0.232 | S119: 0.692 | T119: 0.076 | U119: 90858 | V119: 0.467 | W119: {=VLOOKUP(A119,TOURISM!$A$2:$F$2692,{3,6},0)} -> 850000000 | X119: 163000000 | Y119: =X119/'HUMAN RESOURCES'!I119 -> 1794.0082 | Z119: {=VLOOKUP(A119,BUSINESS!$A$2:$J$2692,{4,5,6,7,8,9},0)} -> 0.489 | AA119: 26 | AB119: 94 | AC119: 302 | AD119: 0.154 | AE119: 0.165
A120: =CONCAT(B120,C120) -> Aruba-The Americas2001 | B120: Aruba-The Americas | C120: 2001 | D120: The Americas | E120: 1873452514 | F120: =E120/'HUMAN RESOURCES'!I120 -> 20167.637 | G120: 0.064 | H120: 193 | I120: 0.121 | J120: {=VLOOKUP(A120,ENERGY!$A$2:$F$2692,{5,6},0)} -> 14338 | K120: 8529 | L120: =J120/'HUMAN RESOURCES'!I120 -> 0.15434797 | M120: =K120/'HUMAN RESOURCES'!I120 -> 0.091814326 | N120: {=VLOOKUP(A120,'HUMAN RESOURCES'!$A$2:$M$2692,{2,3,4,5,6,7,8,9,10},0)} -> 0.014 | O120: 0.032 | P120: 76 | Q120: 71 | R120: 0.229 | S120: 0.694 | T120: 0.078 | U120: 92894 | V120: 0.463 | W120: {=VLOOKUP(A120,TOURISM!$A$2:$F$2692,{3,6},0)} -> 825000000 | X120: 156000000 | Y120: =X120/'HUMAN RESOURCES'!I120 -> 1679.3334 | Z120: {=VLOOKUP(A120,BUSINESS!$A$2:$J$2692,{4,5,6,7,8,9},0)} -> 0.489 | AA120: 26 | AB120: 94 | AC120: 302 | AD120: 0.171 | AE120: 0.571
A121: =CONCAT(B121,C121) -> Aruba-The Americas2002 | B121: Aruba-The Americas | C121: 2002 | D121: The Americas | E121: 1920262570 | F121: =E121/'HUMAN RESOURCES'!I121 -> 20214.354 | G121: 0.064 | H121: 193 | I121: 0.121 | J121: {=VLOOKUP(A121,ENERGY!$A$2:$F$2692,{5,6},0)} -> 14338 | K121: 2321 | L121: =J121/'HUMAN RESOURCES'!I121 -> 0.15093426 | M121: =K121/'HUMAN RESOURCES'!I121 -> 0.024432865 | N121: {=VLOOKUP(A121,'HUMAN RESOURCES'!$A$2:$M$2692,{2,3,4,5,6,7,8,9,10},0)} -> 0.013 | O121: 0.032 | P121: 76 | Q121: 71 | R121: 0.225 | S121: 0.695 | T121: 0.079 | U121: 94995 | V121: 0.46 | W121: {=VLOOKUP(A121,TOURISM!$A$2:$F$2692,{3,6},0)} -> 835000000 | X121: 172000000 | Y121: =X121/'HUMAN RESOURCES'!I121 -> 1810.6216 | Z121: {=VLOOKUP(A121,BUSINESS!$A$2:$J$2692,{4,5,6,7,8,9},0)} -> 0.489 | AA121: 26 | AB121: 94 | AC121: 302 | AD121: 0.188 | AE121: 0.651
A122: =CONCAT(B122,C122) -> Aruba-The Americas2003 | B122: Aruba-The Americas | C122: 2003 | D122: The Americas | E122: 1941094972 | F122: =E122/'HUMAN RESOURCES'!I122 -> 20008.194 | G122: 0.064 | H122: 193 | I122: 0.131 | J122: {=VLOOKUP(A122,ENERGY!$A$2:$F$2692,{5,6},0)} -> 14338 | K122: 2296 | L122: =J122/'HUMAN RESOURCES'!I122 -> 0.14779158 | M122: =K122/'HUMAN RESOURCES'!I122 -> 0.023666443 | N122: {=VLOOKUP(A122,'HUMAN RESOURCES'!$A$2:$M$2692,{2,3,4,5,6,7,8,9,10},0)} -> 0.013 | O122: 0.032 | P122: 76 | Q122: 72 | R122: 0.221 | S122: 0.698 | T122: 0.081 | U122: 97015 | V122: 0.456 | W122: {=VLOOKUP(A122,TOURISM!$A$2:$F$2692,{3,6},0)} -> 858000000 | X122: 213000000 | Y122: =X122/'HUMAN RESOURCES'!I122 -> 2195.5368 | Z122: {=VLOOKUP(A122,BUSINESS!$A$2:$J$2692,{4,5,6,7,8,9},0)} -> 0.489 | AA122: 26 | AB122: 94 | AC122: 302 | AD122: 0.208 | AE122: 0.721
A123: =CONCAT(B123,C123) -> Aruba-The Americas2004 | B123: Aruba-The Americas | C123: 2004 | D123: The Americas | E123: 2021301676 | F123: =E123/'HUMAN RESOURCES'!I123 -> 20470.536 | G123: 0.064 | H123: 193 | I123: 0.115 | J123: {=VLOOKUP(A123,ENERGY!$A$2:$F$2692,{5,6},0)} -> 14338 | K123: 2288 | L123: =J123/'HUMAN RESOURCES'!I123 -> 0.1452067 | M123: =K123/'HUMAN RESOURCES'!I123 -> 0.023171497 | N123: {=VLOOKUP(A123,'HUMAN RESOURCES'!$A$2:$M$2692,{2,3,4,5,6,7,8,9,10},0)} -> 0.013 | O123: 0.032 | P123: 77 | Q123: 72 | R123: 0.217 | S123: 0.699 | T123: 0.083 | U123: 98742 | V123: 0.452 | W123: {=VLOOKUP(A123,TOURISM!$A$2:$F$2692,{3,6},0)} -> 1056000000 | X123: 248000000 | Y123: =X123/'HUMAN RESOURCES'!I123 -> 2511.5959 | Z123: {=VLOOKUP(A123,BUSINESS!$A$2:$J$2692,{4,5,6,7,8,9},0)} -> 0.489 | AA123: 26 | AB123: 94 | AC123: 302 | AD123: 0.23 | AE123: 0.996
A124: =CONCAT(B124,C124) -> Aruba-The Americas2005 | B124: Aruba-The Americas | C124: 2005 | D124: The Americas | E124: 2228279330 | F124: =E124/'HUMAN RESOURCES'!I124 -> 22275.888 | G124: 0.064 | H124: 193 | I124: 0.116 | J124: {=VLOOKUP(A124,ENERGY!$A$2:$F$2692,{5,6},0)} -> 14338 | K124: 2358 | L124: =J124/'HUMAN RESOURCES'!I124 -> 0.14333557 | M124: =K124/'HUMAN RESOURCES'!I124 -> 0.023572692 | N124: {=VLOOKUP(A124,'HUMAN RESOURCES'!$A$2:$M$2692,{2,3,4,5,6,7,8,9,10},0)} -> 0.012 | O124: 0.032 | P124: 77 | Q124: 72 | R124: 0.215 | S124: 0.699 | T124: 0.086 | U124: 100031 | V124: 0.449 | W124: {=VLOOKUP(A124,TOURISM!$A$2:$F$2692,{3,6},0)} -> 1097000000 | X124: 250000000 | Y124: =X124/'HUMAN RESOURCES'!I124 -> 2499.2252 | Z124: {=VLOOKUP(A124,BUSINESS!$A$2:$J$2692,{4,5,6,7,8,9},0)} -> 0.489 | AA124: 26 | AB124: 94 | AC124: 302 | AD124: 0.254 | AE124: 1.034
A125: =CONCAT(B125,C125) -> Aruba-The Americas2006 | B125: Aruba-The Americas | C125: 2006 | D125: The Americas | E125: 2331005587 | F125: =E125/'HUMAN RESOURCES'!I125 -> 23118.175 | G125: 0.064 | H125: 193 | I125: 0.115 | J125: {=VLOOKUP(A125,ENERGY!$A$2:$F$2692,{5,6},0)} -> 14338 | K125: 2274 | L125: =J125/'HUMAN RESOURCES'!I125 -> 0.14219974 | M125: =K125/'HUMAN RESOURCES'!I125 -> 0.022552812 | N125: {=VLOOKUP(A125,'HUMAN RESOURCES'!$A$2:$M$2692,{2,3,4,5,6,7,8,9,10},0)} -> 0.012 | O125: 0.032 | P125: 77 | Q125: 72 | R125: 0.213 | S125: 0.698 | T125: 0.089 | U125: 100830 | V125: 0.445 | W125: {=VLOOKUP(A125,TOURISM!$A$2:$F$2692,{3,6},0)} -> 1064000000 | X125: 241000000 | Y125: =X125/'HUMAN RESOURCES'!I125 -> 2390.1617 | Z125: {=VLOOKUP(A125,BUSINESS!$A$2:$J$2692,{4,5,6,7,8,9},0)} -> 0.489 | AA125: 26 | AB125: 94 | AC125: 302 | AD125: 0.28 | AE125: 1.081
A126: =CONCAT(B126,C126) -> Aruba-The Americas2007 | B126: Aruba-The Americas | C126: 2007 | D126: The Americas | E126: 2421474860 | F126: =E126/'HUMAN RESOURCES'!I126 -> 23923.126 | G126: 0.064 | H126: 193 | I126: 0.113 | J126: {=VLOOKUP(A126,ENERGY!$A$2:$F$2692,{5,6},0)} -> 14338 | K126: 2255 | L126: =J126/'HUMAN RESOURCES'!I126 -> 0.14165325 | M126: =K126/'HUMAN RESOURCES'!I126 -> 0.022278426 | N126: {=VLOOKUP(A126,'HUMAN RESOURCES'!$A$2:$M$2692,{2,3,4,5,6,7,8,9,10},0)} -> 0.012 | O126: 0.032 | P126: 77 | Q126: 72 | R126: 0.212 | S126: 0.696 | T126: 0.092 | U126: 101219 | V126: 0.441 | W126: {=VLOOKUP(A126,TOURISM!$A$2:$F$2692,{3,6},0)} -> 1213000000 | X126: 270000000 | Y126: =X126/'HUMAN RESOURCES'!I126 -> 2667.4834 | Z126: {=VLOOKUP(A126,BUSINESS!$A$2:$J$2692,{4,5,6,7,8,9},0)} -> 0.489 | AA126: 26 | AB126: 94 | AC126: 302 | AD126: 0.309 | AE126: 1.122
A127: =CONCAT(B127,C127) -> Aruba-The Americas2008 | B127: Aruba-The Americas | C127: 2008 | D127: The Americas | E127: 2623726257 | F127: =E127/'HUMAN RESOURCES'!I127 -> 25889.31 | G127: 0.064 | H127: 193 | I127: 0.11 | J127: {=VLOOKUP(A127,ENERGY!$A$2:$F$2692,{5,6},0)} -> 14338 | K127: 2233 | L127: =J127/'HUMAN RESOURCES'!I127 -> 0.14147853 | M127: =K127/'HUMAN RESOURCES'!I127 -> 0.022033865 | N127: {=VLOOKUP(A127,'HUMAN RESOURCES'!$A$2:$M$2692,{2,3,4,5,6,7,8,9,10},0)} -> 0.011 | O127: 0.032 | P127: 77 | Q127: 72 | R127: 0.212 | S127: 0.693 | T127: 0.096 | U127: 101344 | V127: 0.438 | W127: {=VLOOKUP(A127,TOURISM!$A$2:$F$2692,{3,6},0)} -> 1353000000 | X127: 273000000 | Y127: =X127/'HUMAN RESOURCES'!I127 -> 2693.7954 | Z127: {=VLOOKUP(A127,BUSINESS!$A$2:$J$2692,{4,5,6,7,8,9},0)} -> 0.489 | AA127: 26 | AB127: 94 | AC127: 302 | AD127: 0.52 | AE127: 1.192
A128: =CONCAT(B128,C128) -> Aruba-The Americas2009 | B128: Aruba-The Americas | C128: 2009 | D128: The Americas | E128: 2791960894 | F128: =E128/'HUMAN RESOURCES'!I128 -> 27529.244 | G128: 0.064 | H128: 193 | I128: 0.112 | J128: {=VLOOKUP(A128,ENERGY!$A$2:$F$2692,{5,6},0)} -> 14338 | K128: 2274 | L128: =J128/'HUMAN RESOURCES'!I128 -> 0.1413753 | M128: =K128/'HUMAN RESOURCES'!I128 -> 0.022422055 | N128: {=VLOOKUP(A128,'HUMAN RESOURCES'!$A$2:$M$2692,{2,3,4,5,6,7,8,9,10},0)} -> 0.011 | O128: 0.032 | P128: 77 | Q128: 72 | R128: 0.21 | S128: 0.69 | T128: 0.099 | U128: 101418 | V128: 0.434 | W128: {=VLOOKUP(A128,TOURISM!$A$2:$F$2692,{3,6},0)} -> 1224000000 | X128: 265000000 | Y128: =X128/'HUMAN RESOURCES'!I128 -> 2612.9484 | Z128: {=VLOOKUP(A128,BUSINESS!$A$2:$J$2692,{4,5,6,7,8,9},0)} -> 0.489 | AA128: 26 | AB128: 94 | AC128: 302 | AD128: 0.58 | AE128: 1.262
A129: =CONCAT(B129,C129) -> Aruba-The Americas2010 | B129: Aruba-The Americas | C129: 2010 | D129: The Americas | E129: 2498932961 | F129: =E129/'HUMAN RESOURCES'!I129 -> 24596.523 | G129: 0.064 | H129: 193 | I129: 0.108 | J129: {=VLOOKUP(A129,ENERGY!$A$2:$F$2692,{5,6},0)} -> 14338 | K129: 2237 | L129: =J129/'HUMAN RESOURCES'!I129 -> 0.14112621 | M129: =K129/'HUMAN RESOURCES'!I129 -> 0.022018367 | N129: {=VLOOKUP(A129,'HUMAN RESOURCES'!$A$2:$M$2692,{2,3,4,5,6,7,8,9,10},0)} -> 0.011 | O129: 0.032 | P129: 77 | Q129: 73 | R129: 0.208 | S129: 0.689 | T129: 0.103 | U129: 101597 | V129: 0.431 | W129: {=VLOOKUP(A129,TOURISM!$A$2:$F$2692,{3,6},0)} -> 1256000000 | X129: 264000000 | Y129: =X129/'HUMAN RESOURCES'!I129 -> 2598.5019 | Z129: {=VLOOKUP(A129,BUSINESS!$A$2:$J$2692,{4,5,6,7,8,9},0)} -> 0.489 | AA129: 26 | AB129: 94 | AC129: 302 | AD129: 0.62 | AE129: 1.297
A130: =CONCAT(B130,C130) -> Aruba-The Americas2011 | B130: Aruba-The Americas | C130: 2011 | D130: The Americas | E130: 2467703911 | F130: =E130/'HUMAN RESOURCES'!I130 -> 24209.315 | G130: 0.064 | H130: 193 | I130: 0.107 | J130: {=VLOOKUP(A130,ENERGY!$A$2:$F$2692,{5,6},0)} -> 14338 | K130: 2259 | L130: =J130/'HUMAN RESOURCES'!I130 -> 0.1406624 | M130: =K130/'HUMAN RESOURCES'!I130 -> 0.022161833 | N130: {=VLOOKUP(A130,'HUMAN RESOURCES'!$A$2:$M$2692,{2,3,4,5,6,7,8,9,10},0)} -> 0.011 | O130: 0.032 | P130: 78 | Q130: 73 | R130: 0.204 | S130: 0.689 | T130: 0.107 | U130: 101932 | V130: 0.427 | W130: {=VLOOKUP(A130,TOURISM!$A$2:$F$2692,{3,6},0)} -> 1360000000 | X130: 289000000 | Y130: =X130/'HUMAN RESOURCES'!I130 -> 2835.2235 | Z130: {=VLOOKUP(A130,BUSINESS!$A$2:$J$2692,{4,5,6,7,8,9},0)} -> 0.489 | AA130: 26 | AB130: 94 | AC130: 302 | AD130: 0.69 | AE130: 0.58
A131: =CONCAT(B131,C131) -> Aruba-The Americas2012 | B131: Aruba-The Americas | C131: 2012 | D131: The Americas | E131: 2584463687 | F131: =E131/'HUMAN RESOURCES'!I131 -> 25242.847 | G131: 0.064 | H131: 193 | I131: 0.097 | J131: {=VLOOKUP(A131,ENERGY!$A$2:$F$2692,{5,6},0)} -> 14338 | K131: 2255 | L131: =J131/'HUMAN RESOURCES'!I131 -> 0.14004141 | M131: =K131/'HUMAN RESOURCES'!I131 -> 0.022024926 | N131: {=VLOOKUP(A131,'HUMAN RESOURCES'!$A$2:$M$2692,{2,3,4,5,6,7,8,9,10},0)} -> 0.01 | O131: 0.032 | P131: 78 | Q131: 73 | R131: 0.199 | S131: 0.69 | T131: 0.11 | U131: 102384 | V131: 0.424 | W131: {=VLOOKUP(A131,TOURISM!$A$2:$F$2692,{3,6},0)} -> 1414000000 | X131: 296000000 | Y131: =X131/'HUMAN RESOURCES'!I131 -> 2891.0767 | Z131: {=VLOOKUP(A131,BUSINESS!$A$2:$J$2692,{4,5,6,7,8,9},0)} -> 0.489 | AA131: 26 | AB131: 94 | AC131: 302 | AD131: 0.74 | AE131: 1.319
... A443: =CONCAT(B443,C443) -> Canada-The Americas2012 | B443: Canada-The Americas | C443: 2012 | D443: The Americas | E443: 1780000000000 | F443: =E443/'HUMAN RESOURCES'!I443 -> 51216.666 | G443: 0.109 | H443: 5656 | I443: 0.03 | J443: {=VLOOKUP(A443,ENERGY!$A$2:$F$2692,{5,6},0)} -> 267619 | K443: 552349 | L443: =J443/'HUMAN RESOURCES'!I443 -> 0.0077003107 | M443: =K443/'HUMAN RESOURCES'!I443 -> 0.015892963 | N443: {=VLOOKUP(A443,'HUMAN RESOURCES'!$A$2:$M$2692,{2,3,4,5,6,7,8,9,10},0)} -> 0.011 | O443: 0.005 | P443: 83 | Q443: 79 | R443: 0.164 | S443: 0.688 | T443: 0.148 | U443: 34754312 | V443: 0.813 | W443: {=VLOOKUP(A443,TOURISM!$A$2:$F$2692,{3,6},0)} -> 20696000000 | X443: 43010000000 | Y443: =X443/'HUMAN RESOURCES'!I443 -> 1237.5443 | Z443: {=VLOOKUP(A443,BUSINESS!$A$2:$J$2692,{4,5,6,7,8,9},0)} -> 0.246 | AA443: 5 | AB443: 17 | AC443: 131 | AD443: 0.83 | AE443: 0.801
A444: =CONCAT(B444,C444) -> Cayman Islands-The Americas2000 | B444: Cayman Islands-The Americas | C444: 2000 | D444: The Americas | F444: =E444/'HUMAN RESOURCES'!I444 -> 0 | G444: 0.064 | H444: 193 | I444: 0.148 | J444: {=VLOOKUP(A444,ENERGY!$A$2:$F$2692,{5,6},0)} -> 14338 | K444: 8529 | L444: =J444/'HUMAN RESOURCES'!I444 -> 0.34396066 | M444: =K444/'HUMAN RESOURCES'!I444 -> 0.20460597 | N444: {=VLOOKUP(A444,'HUMAN RESOURCES'!$A$2:$M$2692,{2,3,4,5,6,7,8,9,10},0)} -> 0.022763997 | O444: 0.032 | P444: 71 | Q444: 66 | R444: 0.0303 | S444: 0.623 | T444: 0.073 | U444: 41685 | V444: 1 | W444: {=VLOOKUP(A444,TOURISM!$A$2:$F$2692,{3,6},0)} -> 559000000 | X444: 448000000 | Y444: =X444/'HUMAN RESOURCES'!I444 -> 10747.271 | Z444: {=VLOOKUP(A444,BUSINESS!$A$2:$J$2692,{4,5,6,7,8,9},0)} -> 0.489 | AA444: 26 | AB444: 94 | AC444: 302 | AD444: 0.129 | AE444: 0.257
A445: =CONCAT(B445,C445) -> Cayman Islands-The Americas2001 | B445: Cayman Islands-The Americas | C445: 2001 | D445: The Americas | F445: =E445/'HUMAN RESOURCES'!I445 -> 0 | G445: 0.064 | H445: 193 | I445: 0.148 | J445: {=VLOOKUP(A445,ENERGY!$A$2:$F$2692,{5,6},0)} -> 14338 | K445: 8529 | L445: =J445/'HUMAN RESOURCES'!I445 -> 0.33100169 | M445: =K445/'HUMAN RESOURCES'!I445 -> 0.19689729 | N445: {=VLOOKUP(A445,'HUMAN RESOURCES'!$A$2:$M$2692,{2,3,4,5,6,7,8,9,10},0)} -> 0.022763997 | O445: 0.032 | P445: 71 | Q445: 66 | R445: 0.0303 | S445: 0.623 | T445: 0.073 | U445: 43317 | V445: 1 | W445: {=VLOOKUP(A445,TOURISM!$A$2:$F$2692,{3,6},0)} -> 585000000 | X445: 448000000 | Y445: =X445/'HUMAN RESOURCES'!I445 -> 10342.36 | Z445: {=VLOOKUP(A445,BUSINESS!$A$2:$J$2692,{4,5,6,7,8,9},0)} -> 0.489 | AA445: 26 | AB445: 94 | AC445: 302 | AD445: 0.129 | AE445: 0.392
A446: =CONCAT(B446,C446) -> Cayman Islands-The Americas2002 | B446: Cayman Islands-The Americas | C446: 2002 | D446: The Americas | F446: =E446/'HUMAN RESOURCES'!I446 -> 0 | G446: 0.064 | H446: 193 | I446: 0.148 | J446: {=VLOOKUP(A446,ENERGY!$A$2:$F$2692,{5,6},0)} -> 14338 | K446: 590 | L446: =J446/'HUMAN RESOURCES'!I446 -> 0.32045952 | M446: =K446/'HUMAN RESOURCES'!I446 -> 0.013186715 | N446: {=VLOOKUP(A446,'HUMAN RESOURCES'!$A$2:$M$2692,{2,3,4,5,6,7,8,9,10},0)} -> 0.022763997 | O446: 0.032 | P446: 71 | Q446: 66 | R446: 0.0303 | S446: 0.623 | T446: 0.073 | U446: 44742 | V446: 1 | W446: {=VLOOKUP(A446,TOURISM!$A$2:$F$2692,{3,6},0)} -> 607000000 | X446: 448000000 | Y446: =X446/'HUMAN RESOURCES'!I446 -> 10012.963 | Z446: {=VLOOKUP(A446,BUSINESS!$A$2:$J$2692,{4,5,6,7,8,9},0)} -> 0.489 | AA446: 26 | AB446: 94 | AC446: 302 | AD446: 0.129 | AE446: 0.425
A447: =CONCAT(B447,C447) -> Cayman Islands-The Americas2003 | B447: Cayman Islands-The Americas | C447: 2003 | D447: The Americas | F447: =E447/'HUMAN RESOURCES'!I447 -> 0 | G447: 0.064 | H447: 193 | I447: 0.148 | J447: {=VLOOKUP(A447,ENERGY!$A$2:$F$2692,{5,6},0)} -> 14338 | K447: 587 | L447: =J447/'HUMAN RESOURCES'!I447 -> 0.31147897 | M447: =K447/'HUMAN RESOURCES'!I447 -> 0.012751999 | N447: {=VLOOKUP(A447,'HUMAN RESOURCES'!$A$2:$M$2692,{2,3,4,5,6,7,8,9,10},0)} -> 0.022763997 | O447: 0.032 | P447: 71 | Q447: 66 | R447: 0.0303 | S447: 0.623 | T447: 0.073 | U447: 46032 | V447: 1 | W447: {=VLOOKUP(A447,TOURISM!$A$2:$F$2692,{3,6},0)} -> 518000000 | X447: 448000000 | Y447: =X447/'HUMAN RESOURCES'!I447 -> 9732.3601 | Z447: {=VLOOKUP(A447,BUSINESS!$A$2:$J$2692,{4,5,6,7,8,9},0)} -> 0.489 | AA447: 26 | AB447: 94 | AC447: 302 | AD447: 0.129 | AE447: 0.457
A448: =CONCAT(B448,C448) -> Cayman Islands-The Americas2004 | B448: Cayman Islands-The Americas | C448: 2004 | D448: The Americas | F448: =E448/'HUMAN RESOURCES'!I448 -> 0 | G448: 0.064 | H448: 193 | I448: 0.148 | J448: {=VLOOKUP(A448,ENERGY!$A$2:$F$2692,{5,6},0)} -> 14338 | K448: 631 | L448: =J448/'HUMAN RESOURCES'!I448 -> 0.30313537 | M448: =K448/'HUMAN RESOURCES'!I448 -> 0.013340663 | N448: {=VLOOKUP(A448,'HUMAN RESOURCES'!$A$2:$M$2692,{2,3,4,5,6,7,8,9,10},0)} -> 0.022763997 | O448: 0.032 | P448: 71 | Q448: 66 | R448: 0.0303 | S448: 0.623 | T448: 0.073 | U448: 47299 | V448: 1 | W448: {=VLOOKUP(A448,TOURISM!$A$2:$F$2692,{3,6},0)} -> 523000000 | X448: 448000000 | Y448: =X448/'HUMAN RESOURCES'!I448 -> 9471.659 | Z448: {=VLOOKUP(A448,BUSINESS!$A$2:$J$2692,{4,5,6,7,8,9},0)} -> 0.489 | AA448: 26 | AB448: 94 | AC448: 302 | AD448: 0.129 | AE448: 0.715
A449: =CONCAT(B449,C449) -> Cayman Islands-The Americas2005 | B449: Cayman Islands-The Americas | C449: 2005 | D449: The Americas | F449: =E449/'HUMAN RESOURCES'!I449 -> 0 | G449: 0.064 | H449: 193 | I449: 0.148 | J449: {=VLOOKUP(A449,ENERGY!$A$2:$F$2692,{5,6},0)} -> 14338 | K449: 455 | L449: =J449/'HUMAN RESOURCES'!I449 -> 0.29488102 | M449: =K449/'HUMAN RESOURCES'!I449 -> 0.0093577114 | N449: {=VLOOKUP(A449,'HUMAN RESOURCES'!$A$2:$M$2692,{2,3,4,5,6,7,8,9,10},0)} -> 0.022763997 | O449: 0.032 | P449: 71 | Q449: 66 | R449: 0.0303 | S449: 0.623 | T449: 0.073 | U449: 48623 | V449: 1 | W449: {=VLOOKUP(A449,TOURISM!$A$2:$F$2692,{3,6},0)} -> 356000000 | X449: 448000000 | Y449: =X449/'HUMAN RESOURCES'!I449 -> 9213.7466 | Z449: {=VLOOKUP(A449,BUSINESS!$A$2:$J$2692,{4,5,6,7,8,9},0)} -> 0.489 | AA449: 26 | AB449: 94 | AC449: 302 | AD449: 0.38 | AE449: 1.665
A450: =CONCAT(B450,C450) -> Cayman Islands-The Americas2006 | B450: Cayman Islands-The Americas | C450: 2006 | D450: The Americas | F450: =E450/'HUMAN RESOURCES'!I450 -> 0 | G450: 0.064 | H450: 193 | I450: 0.148 | J450: {=VLOOKUP(A450,ENERGY!$A$2:$F$2692,{5,6},0)} -> 14338 | K450: 612 | L450: =J450/'HUMAN RESOURCES'!I450 -> 0.28661096 | M450: =K450/'HUMAN RESOURCES'!I450 -> 0.012233639 | N450: {=VLOOKUP(A450,'HUMAN RESOURCES'!$A$2:$M$2692,{2,3,4,5,6,7,8,9,10},0)} -> 0.022763997 | O450: 0.032 | P450: 71 | Q450: 66 | R450: 0.0303 | S450: 0.623 | T450: 0.073 | U450: 50026 | V450: 1 | W450: {=VLOOKUP(A450,TOURISM!$A$2:$F$2692,{3,6},0)} -> 509000000 | X450: 164000000 | Y450: =X450/'HUMAN RESOURCES'!I450 -> 3278.2953 | Z450: {=VLOOKUP(A450,BUSINESS!$A$2:$J$2692,{4,5,6,7,8,9},0)} -> 0.489 | AA450: 26 | AB450: 94 | AC450: 302 | AD450: 0.445 | AE450: 1.85
A451: =CONCAT(B451,C451) -> Cayman Islands-The Americas2007 | B451: Cayman Islands-The Americas | C451: 2007 | D451: The Americas | F451: =E451/'HUMAN RESOURCES'!I451 -> 0 | G451: 0.064 | H451: 193 | I451: 0.148 | J451: {=VLOOKUP(A451,ENERGY!$A$2:$F$2692,{5,6},0)} -> 14338 | K451: 513 | L451: =J451/'HUMAN RESOURCES'!I451 -> 0.27855922 | M451: =K451/'HUMAN RESOURCES'!I451 -> 0.0099665838 | N451: {=VLOOKUP(A451,'HUMAN RESOURCES'!$A$2:$M$2692,{2,3,4,5,6,7,8,9,10},0)} -> 0.014 | O451: 0.032 | P451: 71 | Q451: 66 | R451: 0.0303 | S451: 0.623 | T451: 0.073 | U451: 51472 | V451: 1 | W451: {=VLOOKUP(A451,TOURISM!$A$2:$F$2692,{3,6},0)} -> 481000000 | X451: 132000000 | Y451: =X451/'HUMAN RESOURCES'!I451 -> 2564.5011 | Z451: {=VLOOKUP(A451,BUSINESS!$A$2:$J$2692,{4,5,6,7,8,9},0)} -> 0.489 | AA451: 26 | AB451: 94 | AC451: 302 | AD451: 0.52 | AE451: 1.972
A452: =CONCAT(B452,C452) -> Cayman Islands-The Americas2008 | B452: Cayman Islands-The Americas | C452: 2008 | D452: The Americas | F452: =E452/'HUMAN RESOURCES'!I452 -> 0 | G452: 0.064 | H452: 193 | I452: 0.148 | J452: {=VLOOKUP(A452,ENERGY!$A$2:$F$2692,{5,6},0)} -> 14338 | K452: 469 | L452: =J452/'HUMAN RESOURCES'!I452 -> 0.27097823 | M452: =K452/'HUMAN RESOURCES'!I452 -> 0.0088637738 | N452: {=VLOOKUP(A452,'HUMAN RESOURCES'!$A$2:$M$2692,{2,3,4,5,6,7,8,9,10},0)} -> 0.022763997 | O452: 0.032 | P452: 71 | Q452: 66 | R452: 0.0303 | S452: 0.623 | T452: 0.073 | U452: 52912 | V452: 1 | W452: {=VLOOKUP(A452,TOURISM!$A$2:$F$2692,{3,6},0)} -> 518000000 | X452: 130000000 | Y452: =X452/'HUMAN RESOURCES'!I452 -> 2456.9096 | Z452: {=VLOOKUP(A452,BUSINESS!$A$2:$J$2692,{4,5,6,7,8,9},0)} -> 0.489 | AA452: 26 | AB452: 94 | AC452: 302 | AD452: 0.61 | AE452: 1.858
A453: =CONCAT(B453,C453) -> Cayman Islands-The Americas2009 | B453: Cayman Islands-The Americas | C453: 2009 | D453: The Americas | F453: =E453/'HUMAN RESOURCES'!I453 -> 0 | G453: 0.064 | H453: 193 | I453: 0.148 | J453: {=VLOOKUP(A453,ENERGY!$A$2:$F$2692,{5,6},0)} -> 14338 | K453: 480 | L453: =J453/'HUMAN RESOURCES'!I453 -> 0.26417319 | M453: =K453/'HUMAN RESOURCES'!I453 -> 0.0088438508 | N453: {=VLOOKUP(A453,'HUMAN RESOURCES'!$A$2:$M$2692,{2,3,4,5,6,7,8,9,10},0)} -> 0.016 | O453: 0.032 | P453: 71 | Q453: 66 | R453: 0.0303 | S453: 0.623 | T453: 0.073 | U453: 54275 | V453: 1 | W453: {=VLOOKUP(A453,TOURISM!$A$2:$F$2692,{3,6},0)} -> 458000000 | X453: 120000000 | Y453: =X453/'HUMAN RESOURCES'!I453 -> 2210.9627 | Z453: {=VLOOKUP(A453,BUSINESS!$A$2:$J$2692,{4,5,6,7,8,9},0)} -> 0.489 | AA453: 26 | AB453: 94 | AC453: 302 | AD453: 0.645 | AE453: 2.003
A454: =CONCAT(B454,C454) -> Cayman Islands-The Americas2010 | B454: Cayman Islands-The Americas | C454: 2010 | D454: The Americas | F454: =E454/'HUMAN RESOURCES'!I454 -> 0 | G454: 0.064 | H454: 193 | I454: 0.148 | J454: {=VLOOKUP(A454,ENERGY!$A$2:$F$2692,{5,6},0)} -> 14338 | K454: 455 | L454: =J454/'HUMAN RESOURCES'!I454 -> 0.25830046 | M454: =K454/'HUMAN RESOURCES'!I454 -> 0.008196869 | N454: {=VLOOKUP(A454,'HUMAN RESOURCES'!$A$2:$M$2692,{2,3,4,5,6,7,8,9,10},0)} -> 0.015 | O454: 0.032 | P454: 71 | Q454: 66 | R454: 0.0303 | S454: 0.623 | T454: 0.073 | U454: 55509 | V454: 1 | W454: {=VLOOKUP(A454,TOURISM!$A$2:$F$2692,{3,6},0)} -> 465000000 | X454: 129000000 | Y454: =X454/'HUMAN RESOURCES'!I454 -> 2323.9475 | Z454: {=VLOOKUP(A454,BUSINESS!$A$2:$J$2692,{4,5,6,7,8,9},0)} -> 0.489 | AA454: 26 | AB454: 94 | AC454: 302 | AD454: 0.66 | AE454: 1.812
A455: =CONCAT(B455,C455) -> Cayman Islands-The Americas2011 | B455: Cayman Islands-The Americas | C455: 2011 | D455: The Americas | F455: =E455/'HUMAN RESOURCES'!I455 -> 0 | G455: 0.064 | H455: 193 | I455: 0.148 | J455: {=VLOOKUP(A455,ENERGY!$A$2:$F$2692,{5,6},0)} -> 14338 | K455: 517 | L455: =J455/'HUMAN RESOURCES'!I455 -> 0.25331708 | M455: =K455/'HUMAN RESOURCES'!I455 -> 0.0091341142 | N455: {=VLOOKUP(A455,'HUMAN RESOURCES'!$A$2:$M$2692,{2,3,4,5,6,7,8,9,10},0)} -> 0.015 | O455: 0.032 | P455: 71 | Q455: 66 | R455: 0.0303 | S455: 0.623 | T455: 0.073 | U455: 56601 | V455: 1 | W455: {=VLOOKUP(A455,TOURISM!$A$2:$F$2692,{3,6},0)} -> 472000000 | X455: 145000000 | Y455: =X455/'HUMAN RESOURCES'!I455 -> 2561.7922 | Z455: {=VLOOKUP(A455,BUSINESS!$A$2:$J$2692,{4,5,6,7,8,9},0)} -> 0.489 | AA455: 26 | AB455: 94 | AC455: 302 | AD455: 0.695 | AE455: 1.71
A456: =CONCAT(B456,C456) -> Cayman Islands-The Americas2012 | B456: Cayman Islands-The Americas | C456: 2012 | D456: The Americas | F456: =E456/'HUMAN RESOURCES'!I456 -> 0 | G456: 0.064 | H456: 193 | I456: 0.148 | J456: {=VLOOKUP(A456,ENERGY!$A$2:$F$2692,{5,6},0)} -> 14338 | K456: 499 | L456: =J456/'HUMAN RESOURCES'!I456 -> 0.24905333 | M456: =K456/'HUMAN RESOURCES'!I456 -> 0.0086677089 | N456: {=VLOOKUP(A456,'HUMAN RESOURCES'!$A$2:$M$2692,{2,3,4,5,6,7,8,9,10},0)} -> 0.013 | O456: 0.032 | P456: 71 | Q456: 66 | R456: 0.0303 | S456: 0.623 | T456: 0.073 | U456: 57570 | V456: 1 | W456: {=VLOOKUP(A456,TOURISM!$A$2:$F$2692,{3,6},0)} -> 680000000 | X456: 448000000 | Y456: =X456/'HUMAN RESOURCES'!I456 -> 7781.8308 | Z456: {=VLOOKUP(A456,BUSINESS!$A$2:$J$2692,{4,5,6,7,8,9},0)} -> 0.489 | AA456: 26 | AB456: 94 | AC456: 302 | AD456: 0.741 | AE456: 1.717
A457: =CONCAT(B457,C457) -> Central African Republic-Africa2000 | B457: Central African Republic-Africa | C457: 2000 | D457: Africa | E457: 2169706411 | F457: =E457/'HUMAN RESOURCES'!I457 -> 596.34908 | G457: 0.038 | H457: 18 | I457: 0.148 | J457: {=VLOOKUP(A457,ENERGY!$A$2:$F$2692,{5,6},0)} -> 14338 | K457: 8529 | L457: =J457/'HUMAN RESOURCES'!I457 -> 0.0039408342 | M457: =K457/'HUMAN RESOURCES'!I457 -> 0.0023442164 | N457: {=VLOOKUP(A457,'HUMAN RESOURCES'!$A$2:$M$2692,{2,3,4,5,6,7,8,9,10},0)} -> 0.039 | O457: 0.113 | P457: 45 | Q457: 42 | R457: 0.423 | S457: 0.537 | T457: 0.04 | U457: 3638316 | V457: 0.376 | W457: {=VLOOKUP(A457,TOURISM!$A$2:$F$2692,{3,6},0)} -> 5000000 | X457: 33000000 | Y457: =X457/'HUMAN RESOURCES'!I457 -> 9.0701302 | Z457: {=VLOOKUP(A457,BUSINESS!$A$2:$J$2692,{4,5,6,7,8,9},0)} -> 0.489 | AA457: 26 | AB457: 94 | AC457: 302 | AD457: 0.001 | AE457: 0.001
A458: =CONCAT(B458,C458) -> Central African Republic-Africa2001 | B458: Central African Republic-Africa | C458: 2001 | D458: Africa | E458: 914500332 | F458: =E458/'HUMAN RESOURCES'!I458 -> 246.89234 | G458: 0.043 | H458: 11 | I458: 0.22 | J458: {=VLOOKUP(A458,ENERGY!$A$2:$F$2692,{5,6},0)} -> 14338 | K458: 8529 | L458: =J458/'HUMAN RESOURCES'!I458 -> 0.0038709033 | M458: =K458/'HUMAN RESOURCES'!I458 -> 0.0023026178 | N458: {=VLOOKUP(A458,'HUMAN RESOURCES'!$A$2:$M$2692,{2,3,4,5,6,7,8,9,10},0)} -> 0.039 | O458: 0.113 | P458: 45 | Q458: 42 | R458: 0.422 | S458: 0.538 | T458: 0.04 | U458: 3704045 | V458: 0.377 | W458: {=VLOOKUP(A458,TOURISM!$A$2:$F$2692,{3,6},0)} -> 5000000 | X458: 29000000 | Y458: =X458/'HUMAN RESOURCES'!I458 -> 7.8292785 | Z458: {=VLOOKUP(A458,BUSINESS!$A$2:$J$2692,{4,5,6,7,8,9},0)} -> 0.489 | AA458: 26 | AB458: 94 | AC458: 302 | AD458: 0.001 | AE458: 0.003
A459: =CONCAT(B459,C459) -> Central African Republic-Africa2002 | B459: Central African Republic-Africa | C459: 2002 | D459: Africa | E459: 931833294 | F459: =E459/'HUMAN RESOURCES'!I459 -> 247.35119 | G459: 0.04 | H459: 10 | I459: 0.207 | J459: {=VLOOKUP(A459,ENERGY!$A$2:$F$2692,{5,6},0)} -> 14338 | K459: 264 | L459: =J459/'HUMAN RESOURCES'!I459 -> 0.0038059613 | M459: =K459/'HUMAN RESOURCES'!I459 -> 7.007768e-05 | N459: {=VLOOKUP(A459,'HUMAN RESOURCES'!$A$2:$M$2692,{2,3,4,5,6,7,8,9,10},0)} -> 0.039 | O459: 0.113 | P459: 46 | Q459: 42 | R459: 0.422 | S459: 0.539 | T459: 0.04 | U459: 3767248 | V459: 0.378 | W459: {=VLOOKUP(A459,TOURISM!$A$2:$F$2692,{3,6},0)} -> 3000000 | X459: 29000000 | Y459: =X459/'HUMAN RESOURCES'!I459 -> 7.697927 | Z459: {=VLOOKUP(A459,BUSINESS!$A$2:$J$2692,{4,5,6,7,8,9},0)} -> 0.489 | AA459: 26 | AB459: 94 | AC459: 302 | AD459: 0.001 | AE459: 0.003
A460: =CONCAT(B460,C460) -> Central African Republic-Africa2003 | B460: Central African Republic-Africa | C460: 2003 | D460: Africa | E460: 991387865 | F460: =E460/'HUMAN RESOURCES'!I460 -> 258.87261 | G460: 0.042 | H460: 11 | I460: 0.18 | J460: {=VLOOKUP(A460,ENERGY!$A$2:$F$2692,{5,6},0)} -> 14338 | K460: 235 | L460: =J460/'HUMAN RESOURCES'!I460 -> 0.003743959 | M460: =K460/'HUMAN RESOURCES'!I460 -> 6.1363534e-05 | N460: {=VLOOKUP(A460,'HUMAN RESOURCES'!$A$2:$M$2692,{2,3,4,5,6,7,8,9,10},0)} -> 0.038 | O460: 0.112 | P460: 46 | Q460: 43 | R460: 0.421 | S460: 0.539 | T460: 0.04 | U460: 3829636 | V460: 0.379 | W460: {=VLOOKUP(A460,TOURISM!$A$2:$F$2692,{3,6},0)} -> 4000000 | X460: 31000000 | Y460: =X460/'HUMAN RESOURCES'!I460 -> 8.0947641 | Z460: {=VLOOKUP(A460,BUSINESS!$A$2:$J$2692,{4,5,6,7,8,9},0)} -> 0.489 | AA460: 22 | AB460: 94 | AC460: 302 | AD460: 0.002 | AE460: 0.01
A461: =CONCAT(B461,C461) -> Central African Republic-Africa2004 | B461: Central African Republic-Africa | C461: 2004 | D461: Africa | E461: 1139754772 | F461: =E461/'HUMAN RESOURCES'!I461 -> 292.72556 | G461: 0.044 | H461: 13 | I461: 0.18 | J461: {=VLOOKUP(A461,ENERGY!$A$2:$F$2692,{5,6},0)} -> 14338 | K461: 235 | L461: =J461/'HUMAN RESOURCES'!I461 -> 0.003682458 | M461: =K461/'HUMAN RESOURCES'!I461 -> 6.0355533e-05 | N461: {=VLOOKUP(A461,'HUMAN RESOURCES'!$A$2:$M$2692,{2,3,4,5,6,7,8,9,10},0)} -> 0.038 | O461: 0.111 | P461: 46 | Q461: 43 | R461: 0.42 | S461: 0.54 | T461: 0.04 | U461: 3893595 | V461: 0.38 | W461: {=VLOOKUP(A461,TOURISM!$A$2:$F$2692,{3,6},0)} -> 7800000 | X461: 32000000 | Y461: =X461/'HUMAN RESOURCES'!I461 -> 8.2186257 | Z461: {=VLOOKUP(A461,BUSINESS!$A$2:$J$2692,{4,5,6,7,8,9},0)} -> 0.489 | AA461: 22 | AB461: 94 | AC461: 302 | AD461: 0.002 | AE461: 0.015
A462: =CONCAT(B462,C462) -> Central African Republic-Africa2005 | B462: Central African Republic-Africa | C462: 2005 | D462: Africa | E462: 1270080228 | F462: =E462/'HUMAN RESOURCES'!I462 -> 320.6547 | G462: 0.041 | H462: 14 | I462: 0.18 | J462: {=VLOOKUP(A462,ENERGY!$A$2:$F$2692,{5,6},0)} -> 14338 | K462: 246 | L462: =J462/'HUMAN RESOURCES'!I462 -> 0.0036198871 | M462: =K462/'HUMAN RESOURCES'!I462 -> 6.2107144e-05 | N462: {=VLOOKUP(A462,'HUMAN RESOURCES'!$A$2:$M$2692,{2,3,4,5,6,7,8,9,10},0)} -> 0.037 | O462: 0.111 | P462: 47 | Q462: 43 | R462: 0.419 | S462: 0.542 | T462: 0.04 | U462: 3960897 | V462: 0.381 | W462: {=VLOOKUP(A462,TOURISM!$A$2:$F$2692,{3,6},0)} -> 7200000 | X462: 46000000 | Y462: =X462/'HUMAN RESOURCES'!I462 -> 11.613531 | Z462: {=VLOOKUP(A462,BUSINESS!$A$2:$J$2692,{4,5,6,7,8,9},0)} -> 0.657 | AA462: 22 | AB462: 94 | AC462: 504 | AD462: 0.003 | AE462: 0.025
A463: =CONCAT(B463,C463) -> Central African Republic-Africa2006 | B463: Central African Republic-Africa | C463: 2006 | D463: Africa | E463: 1350300947 | F463: =E463/'HUMAN RESOURCES'!I463 -> 334.8876 | G463: 0.044 | H463: 15 | I463: 0.177 | J463: {=VLOOKUP(A463,ENERGY!$A$2:$F$2692,{5,6},0)} -> 14338 | K463: 235 | L463: =J463/'HUMAN RESOURCES'!I463 -> 0.0035559616 | M463: =K463/'HUMAN RESOURCES'!I463 -> 5.8282256e-05 | N463: {=VLOOKUP(A463,'HUMAN RESOURCES'!$A$2:$M$2692,{2,3,4,5,6,7,8,9,10},0)} -> 0.037 | O463: 0.109 | P463: 47 | Q463: 44 | R463: 0.417 | S463: 0.544 | T463: 0.04 | U463: 4032102 | V463: 0.382 | W463: {=VLOOKUP(A463,TOURISM!$A$2:$F$2692,{3,6},0)} -> 10200000 | X463: 47000000 | Y463: =X463/'HUMAN RESOURCES'!I463 -> 11.656451 | Z463: {=VLOOKUP(A463,BUSINESS!$A$2:$J$2692,{4,5,6,7,8,9},0)} -> 2.038 | AA463: 22 | AB463: 94 | AC463: 504 | AD463: 0.003 | AE463: 0.027
A464: =CONCAT(B464,C464) -> Central African Republic-Africa2007 | B464: Central African Republic-Africa | C464: 2007 | D464: Africa | E464: 1473721521 | F464: =E464/'HUMAN RESOURCES'!I464 -> 358.84063 | G464: 0.04 | H464: 15 | I464: 0.153 | J464: {=VLOOKUP(A464,ENERGY!$A$2:$F$2692,{5,6},0)} -> 14338 | K464: 213 | L464: =J464/'HUMAN RESOURCES'!I464 -> 0.0034912003 | M464: =K464/'HUMAN RESOURCES'!I464 -> 5.1863974e-05 | N464: {=VLOOKUP(A464,'HUMAN RESOURCES'!$A$2:$M$2692,{2,3,4,5,6,7,8,9,10},0)} -> 0.036 | O464: 0.108 | P464: 48 | Q464: 45 | R464: 0.415 | S464: 0.546 | T464: 0.039 | U464: 4106897 | V464: 0.383 | W464: {=VLOOKUP(A464,TOURISM!$A$2:$F$2692,{3,6},0)} -> 10800000 | X464: 54000000 | Y464: =X464/'HUMAN RESOURCES'!I464 -> 13.148613 | Z464: {=VLOOKUP(A464,BUSINESS!$A$2:$J$2692,{4,5,6,7,8,9},0)} -> 2.038 | AA464: 22 | AB464: 94 | AC464: 504 | AD464: 0.004 | AE464: 0.083
A465: =CONCAT(B465,C465) -> Central African Republic-Africa2008 | B465: Central African Republic-Africa | C465: 2008 | D465: Africa | E465: 1698125680 | F465: =E465/'HUMAN RESOURCES'!I465 -> 405.75452 | G465: 0.043 | H465: 18 | I465: 0.15 | J465: {=VLOOKUP(A465,ENERGY!$A$2:$F$2692,{5,6},0)} -> 14338 | K465: 246 | L465: =J465/'HUMAN RESOURCES'!I465 -> 0.0034259586 | M465: =K465/'HUMAN RESOURCES'!I465 -> 5.8779873e-05 | N465: {=VLOOKUP(A465,'HUMAN RESOURCES'!$A$2:$M$2692,{2,3,4,5,6,7,8,9,10},0)} -> 0.036 | O465: 0.107 | P465: 48 | Q465: 45 | R465: 0.412 | S465: 0.549 | T465: 0.039 | U465: 4185106 | V465: 0.385 | W465: {=VLOOKUP(A465,TOURISM!$A$2:$F$2692,{3,6},0)} -> 11800000 | X465: 56000000 | Y465: =X465/'HUMAN RESOURCES'!I465 -> 13.380784 | Z465: {=VLOOKUP(A465,BUSINESS!$A$2:$J$2692,{4,5,6,7,8,9},0)} -> 2.038 | AA465: 22 | AB465: 94 | AC465: 504 | AD465: 0.01 | AE465: 0.136
A466: =CONCAT(B466,C466) -> Central African Republic-Africa2009 | B466: Central African Republic-Africa | C466: 2009 | D466: Africa | E466: 1985370255 | F466: =E466/'HUMAN RESOURCES'!I466 -> 465.36693 | G466: 0.043 | H466: 20 | I466: 0.148 | J466: {=VLOOKUP(A466,ENERGY!$A$2:$F$2692,{5,6},0)} -> 14338 | K466: 235 | L466: =J466/'HUMAN RESOURCES'!I466 -> 0.0033607993 | M466: =K466/'HUMAN RESOURCES'!I466 -> 5.5083543e-05 | N466: {=VLOOKUP(A466,'HUMAN RESOURCES'!$A$2:$M$2692,{2,3,4,5,6,7,8,9,10},0)} -> 0.035 | O466: 0.105 | P466: 49 | Q466: 46 | R466: 0.409 | S466: 0.552 | T466: 0.039 | U466: 4266247 | V466: 0.386 | W466: {=VLOOKUP(A466,TOURISM!$A$2:$F$2692,{3,6},0)} -> 6000000 | X466: 61000000 | Y466: =X466/'HUMAN RESOURCES'!I466 -> 14.298281 | Z466: {=VLOOKUP(A466,BUSINESS!$A$2:$J$2692,{4,5,6,7,8,9},0)} -> 2.038 | AA466: 23 | AB466: 94 | AC466: 504 | AD466: 0.018 | AE466: 0.202
A467: =CONCAT(B467,C467) -> Central African Republic-Africa2010 | B467: Central African Republic-Africa | C467: 2010 | D467: Africa | E467: 1981728179 | F467: =E467/'HUMAN RESOURCES'!I467 -> 455.57797 | G467: 0.036 | H467: 17 | I467: 0.148 | J467: {=VLOOKUP(A467,ENERGY!$A$2:$F$2692,{5,6},0)} -> 14338 | K467: 268 | L467: =J467/'HUMAN RESOURCES'!I467 -> 0.0032961518 | M467: =K467/'HUMAN RESOURCES'!I467 -> 6.1610314e-05 | N467: {=VLOOKUP(A467,'HUMAN RESOURCES'!$A$2:$M$2692,{2,3,4,5,6,7,8,9,10},0)} -> 0.035 | O467: 0.103 | P467: 50 | Q467: 46 | R467: 0.406 | S467: 0.555 | T467: 0.039 | U467: 4349921 | V467: 0.388 | W467: {=VLOOKUP(A467,TOURISM!$A$2:$F$2692,{3,6},0)} -> 7200000 | X467: 61000000 | Y467: =X467/'HUMAN RESOURCES'!I467 -> 14.023243 | Z467: {=VLOOKUP(A467,BUSINESS!$A$2:$J$2692,{4,5,6,7,8,9},0)} -> 2.038 | AA467: 23 | AB467: 94 | AC467: 504 | AD467: 0.02 | AE467: 0.225
A468: =CONCAT(B468,C468) -> Central African Republic-Africa2011 | B468: Central African Republic-Africa | C468: 2011 | D468: Africa | E468: 1986014759 | F468: =E468/'HUMAN RESOURCES'!I468 -> 447.68206 | G468: 0.039 | H468: 18 | I468: 0.148 | J468: {=VLOOKUP(A468,ENERGY!$A$2:$F$2692,{5,6},0)} -> 14338 | K468: 227 | L468: =J468/'HUMAN RESOURCES'!I468 -> 0.0032320331 | M468: =K468/'HUMAN RESOURCES'!I468 -> 5.1169724e-05 | N468: {=VLOOKUP(A468,'HUMAN RESOURCES'!$A$2:$M$2692,{2,3,4,5,6,7,8,9,10},0)} -> 0.035 | O468: 0.1 | P468: 51 | Q468: 47 | R468: 0.404 | S468: 0.558 | T468: 0.039 | U468: 4436217 | V468: 0.39 | W468: {=VLOOKUP(A468,TOURISM!$A$2:$F$2692,{3,6},0)} -> 680000000 | X468: 448000000 | Y468: =X468/'HUMAN RESOURCES'!I468 -> 100.98694 | Z468: {=VLOOKUP(A468,BUSINESS!$A$2:$J$2692,{4,5,6,7,8,9},0)} -> 0.546 | AA468: 22 | AB468: 94 | AC468: 504 | AD468: 0.022 | AE468: 0.224
... A612: =CONCAT(B612,C612) -> Cuba-The Americas2012 | B612: Cuba-The Americas | C612: 2012 | D612: The Americas | E612: 68233900000 | F612: =E612/'HUMAN RESOURCES'!I612 -> 6053.958 | G612: 0.086 | H612: 558 | I612: 0.148 | J612: {=VLOOKUP(A612,ENERGY!$A$2:$F$2692,{5,6},0)} -> 10847 | K612: 27407 | L612: =J612/'HUMAN RESOURCES'!I612 -> 0.000962385 | M612: =K612/'HUMAN RESOURCES'!I612 -> 0.002431648 | N612: {=VLOOKUP(A612,'HUMAN RESOURCES'!$A$2:$M$2692,{2,3,4,5,6,7,8,9,10},0)} -> 0.01 | O612: 0.005 | P612: 81 | Q612: 77 | R612: 0.166 | S612: 0.704 | T612: 0.13 | U612: 11270957 | V612: 0.768 | W612: {=VLOOKUP(A612,TOURISM!$A$2:$F$2692,{3,6},0)} -> 2614000000 | X612: 448000000 | Y612: =X612/'HUMAN RESOURCES'!I612 -> 39.748178 | Z612: {=VLOOKUP(A612,BUSINESS!$A$2:$J$2692,{4,5,6,7,8,9},0)} -> 0.489 | AA612: 26 | AB612: 94 | AC612: 302 | AD612: 0.256 | AE612: 0.149
A613: =CONCAT(B613,C613) -> Curacao-The Americas2000 | B613: Curacao-The Americas | C613: 2000 | D613: The Americas | F613: =E613/'HUMAN RESOURCES'!I613 -> 0 | G613: 0.064 | H613: 193 | I613: 0.148 | J613: {=VLOOKUP(A613,ENERGY!$A$2:$F$2692,{5,6},0)} -> 14338 | K613: 8529 | L613: =J613/'HUMAN RESOURCES'!I613 -> 0.10711191 | M613: =K613/'HUMAN RESOURCES'!I613 -> 0.063715823 | N613: {=VLOOKUP(A613,'HUMAN RESOURCES'!$A$2:$M$2692,{2,3,4,5,6,7,8,9,10},0)} -> 0.022763997 | O613: 0.032 | P613: 71 | Q613: 66 | R613: 0.249 | S613: 0.648 | T613: 0.103 | U613: 133860 | V613: 0.908 | W613: {=VLOOKUP(A613,TOURISM!$A$2:$F$2692,{3,6},0)} -> 227000000 | X613: 448000000 | Y613: =X613/'HUMAN RESOURCES'!I613 -> 3346.7802 | Z613: {=VLOOKUP(A613,BUSINESS!$A$2:$J$2692,{4,5,6,7,8,9},0)} -> 0.489 | AA613: 26 | AB613: 94 | AC613: 302 | AD613: 0.129 | AE613: 0.58
A614: =CONCAT(B614,C614) -> Curacao-The Americas2001 | B614: Curacao-The Americas | C614: 2001 | D614: The Americas | F614: =E614/'HUMAN RESOURCES'!I614 -> 0 | G614: 0.064 | H614: 193 | I614: 0.148 | J614: {=VLOOKUP(A614,ENERGY!$A$2:$F$2692,{5,6},0)} -> 14338 | K614: 8529 | L614: =J614/'HUMAN RESOURCES'!I614 -> 0.1112292 | M614: =K614/'HUMAN RESOURCES'!I614 -> 0.066165005 | N614: {=VLOOKUP(A614,'HUMAN RESOURCES'!$A$2:$M$2692,{2,3,4,5,6,7,8,9,10},0)} -> 0.022763997 | O614: 0.032 | P614: 71 | Q614: 66 | R614: 0.242 | S614: 0.651 | T614: 0.107 | U614: 128905 | V614: 0.91 | W614: {=VLOOKUP(A614,TOURISM!$A$2:$F$2692,{3,6},0)} -> 271000000 | X614: 448000000 | Y614: =X614/'HUMAN RESOURCES'!I614 -> 3475.4276 | Z614: {=VLOOKUP(A614,BUSINESS!$A$2:$J$2692,{4,5,6,7,8,9},0)} -> 0.489 | AA614: 26 | AB614: 94 | AC614: 302 | AD614: 0.129 | AE614: 0.58
A615: =CONCAT(B615,C615) -> Curacao-The Americas2002 | B615: Curacao-The Americas | C615: 2002 | D615: The Americas | F615: =E615/'HUMAN RESOURCES'!I615 -> 0 | G615: 0.064 | H615: 193 | I615: 0.148 | J615: {=VLOOKUP(A615,ENERGY!$A$2:$F$2692,{5,6},0)} -> 14338 | K615: 8529 | L615: =J615/'HUMAN RESOURCES'!I615 -> 0.11131642 | M615: =K615/'HUMAN RESOURCES'!I615 -> 0.066216888 | N615: {=VLOOKUP(A615,'HUMAN RESOURCES'!$A$2:$M$2692,{2,3,4,5,6,7,8,9,10},0)} -> 0.022763997 | O615: 0.032 | P615: 71 | Q615: 66 | R615: 0.234 | S615: 0.656 | T615: 0.11 | U615: 128804 | V615: 0.909 | W615: {=VLOOKUP(A615,TOURISM!$A$2:$F$2692,{3,6},0)} -> 217000000 | X615: 137000000 | Y615: =X615/'HUMAN RESOURCES'!I615 -> 1063.6316 | Z615: {=VLOOKUP(A615,BUSINESS!$A$2:$J$2692,{4,5,6,7,8,9},0)} -> 0.489 | AA615: 26 | AB615: 94 | AC615: 302 | AD615: 0.129 | AE615: 0.58
A616: =CONCAT(B616,C616) -> Curacao-The Americas2003 | B616: Curacao-The Americas | C616: 2003 | D616: The Americas | F616: =E616/'HUMAN RESOURCES'!I616 -> 0 | G616: 0.064 | H616: 193 | I616: 0.148 | J616: {=VLOOKUP(A616,ENERGY!$A$2:$F$2692,{5,6},0)} -> 14338 | K616: 8529 | L616: =J616/'HUMAN RESOURCES'!I616 -> 0.10923941 | M616: =K616/'HUMAN RESOURCES'!I616 -> 0.064981372 | N616: {=VLOOKUP(A616,'HUMAN RESOURCES'!$A$2:$M$2692,{2,3,4,5,6,7,8,9,10},0)} -> 0.022763997 | O616: 0.032 | P616: 71 | Q616: 66 | R616: 0.225 | S616: 0.66 | T616: 0.114 | U616: 131253 | V616: 0.908 | W616: {=VLOOKUP(A616,TOURISM!$A$2:$F$2692,{3,6},0)} -> 223000000 | X616: 176000000 | Y616: =X616/'HUMAN RESOURCES'!I616 -> 1340.9217 | Z616: {=VLOOKUP(A616,BUSINESS!$A$2:$J$2692,{4,5,6,7,8,9},0)} -> 0.489 | AA616: 26 | AB616: 94 | AC616: 302 | AD616: 0.129 | AE616: 0.58
A617: =CONCAT(B617,C617) -> Curacao-The Americas2004 | B617: Curacao-The Americas | C617: 2004 | D617: The Americas | F617: =E617/'HUMAN RESOURCES'!I617 -> 0 | G617: 0.064 | H617: 193 | I617: 0.148 | J617: {=VLOOKUP(A617,ENERGY!$A$2:$F$2692,{5,6},0)} -> 14338 | K617: 8529 | L617: =J617/'HUMAN RESOURCES'!I617 -> 0.10751108 | M617: =K617/'HUMAN RESOURCES'!I617 -> 0.06395327 | N617: {=VLOOKUP(A617,'HUMAN RESOURCES'!$A$2:$M$2692,{2,3,4,5,6,7,8,9,10},0)} -> 0.022763997 | O617: 0.032 | P617: 71 | Q617: 66 | R617: 0.218 | S617: 0.665 | T617: 0.118 | U617: 133363 | V617: 0.907 | W617: {=VLOOKUP(A617,TOURISM!$A$2:$F$2692,{3,6},0)} -> 224000000 | X617: 195000000 | Y617: =X617/'HUMAN RESOURCES'!I617 -> 1462.1747 | Z617: {=VLOOKUP(A617,BUSINESS!$A$2:$J$2692,{4,5,6,7,8,9},0)} -> 0.489 | AA617: 26 | AB617: 94 | AC617: 302 | AD617: 0.129 | AE617: 0.58
A618: =CONCAT(B618,C618) -> Curacao-The Americas2005 | B618: Curacao-The Americas | C618: 2005 | D618: The Americas | F618: =E618/'HUMAN RESOURCES'!I618 -> 0 | G618: 0.064 | H618: 193 | I618: 0.148 | J618: {=VLOOKUP(A618,ENERGY!$A$2:$F$2692,{5,6},0)} -> 14338 | K618: 8529 | L618: =J618/'HUMAN RESOURCES'!I618 -> 0.10488048 | M618: =K618/'HUMAN RESOURCES'!I618 -> 0.062388448 | N618: {=VLOOKUP(A618,'HUMAN RESOURCES'!$A$2:$M$2692,{2,3,4,5,6,7,8,9,10},0)} -> 0.022763997 | O618: 0.032 | P618: 71 | Q618: 66 | R618: 0.211 | S618: 0.668 | T618: 0.121 | U618: 136708 | V618: 0.905 | W618: {=VLOOKUP(A618,TOURISM!$A$2:$F$2692,{3,6},0)} -> 244000000 | X618: 164000000 | Y618: =X618/'HUMAN RESOURCES'!I618 -> 1199.6372 | Z618: {=VLOOKUP(A618,BUSINESS!$A$2:$J$2692,{4,5,6,7,8,9},0)} -> 0.489 | AA618: 26 | AB618: 94 | AC618: 302 | AD618: 0.129 | AE618: 0.58
A619: =CONCAT(B619,C619) -> Curacao-The Americas2006 | B619: Curacao-The Americas | C619: 2006 | D619: The Americas | F619: =E619/'HUMAN RESOURCES'!I619 -> 0 | G619: 0.064 | H619: 193 | I619: 0.148 | J619: {=VLOOKUP(A619,ENERGY!$A$2:$F$2692,{5,6},0)} -> 14338 | K619: 8529 | L619: =J619/'HUMAN RESOURCES'!I619 -> 0.10225579 | M619: =K619/'HUMAN RESOURCES'!I619 -> 0.060827146 | N619: {=VLOOKUP(A619,'HUMAN RESOURCES'!$A$2:$M$2692,{2,3,4,5,6,7,8,9,10},0)} -> 0.014 | O619: 0.032 | P619: 79 | Q619: 71 | R619: 0.206 | S619: 0.67 | T619: 0.124 | U619: 140217 | V619: 0.904 | W619: {=VLOOKUP(A619,TOURISM!$A$2:$F$2692,{3,6},0)} -> 277000000 | X619: 191000000 | Y619: =X619/'HUMAN RESOURCES'!I619 -> 1362.1743 | Z619: {=VLOOKUP(A619,BUSINESS!$A$2:$J$2692,{4,5,6,7,8,9},0)} -> 0.489 | AA619: 26 | AB619: 94 | AC619: 302 | AD619: 0.129 | AE619: 0.58
...

Sheet GDP
A1: ID | B1: Country/Region | C1: YEAR | D1: Region | E1: GDP | F1: Health Exp % GDP | G1: Health Exp/Capita | H1: Lending Interest | I1: gdp updated
A2: =CONCAT(B2,C2) -> Afghanistan-Asia2000 | B2: Afghanistan-Asia | C2: 2000 | D2: Asia | F2: 0.064 | G2: 193 | H2: 0.148 | K2: Average | L2: Median | M2: S.D
A3: =CONCAT(B3,C3) -> Afghanistan-Asia2001 | B3: Afghanistan-Asia | C3: 2001 | D3: Asia | E3: 2461666315 | F3: 0.064 | G3: 193 | H3: 0.148 | I3: =IF(AND(E3="",B3=B2),E2,E3) -> 2461666315 | J3: healthEXP% | K3: =AVERAGE(F2:F2693) -> 0.064150873 | L3: =MEDIAN(F2:F2693) -> 0.064 | M3: =STDEV(F2:F2693) -> 0.024834117 | N3: S.D<mean replace missing values with mean
A4: =CONCAT(B4,C4) -> Afghanistan-Asia2002 | B4: Afghanistan-Asia | C4: 2002 | D4: Asia | E4: 4128818043 | F4: 0.089 | G4: 14 | H4: 0.148 | I4: =IF(AND(E4="",B4=B3),E3,E4) -> 4128818043 | J4: Health Exp/Capita | K4: =AVERAGE(G3:G2693) -> 734.67695 | L4: =MEDIAN(G3:G2693) -> 193 | M4: =STDEV(G3:G2693) -> 1403.2198 | N4: S.D>mean replace missing values with median
A5: =CONCAT(B5,C5) -> Afghanistan-Asia2003 | B5: Afghanistan-Asia | C5: 2003 | D5: Asia | E5: 4583648922 | F5: 0.1 | G5: 18 | H5: 0.148 | I5: =IF(AND(E5="",B5=B4),E4,E5) -> 4583648922 | J5: lending Interest | K5: =AVERAGE(H3:H2693) -> 0.14807175 | L5: =MEDIAN(H3:H2693) -> 0.148 | M5: =STDEV(H3:H2693) -> 0.14363646 | N5: S.D<mean replace missing values with mean
A6: =CONCAT(B6,C6) -> Afghanistan-Asia2004 | B6: Afghanistan-Asia | C6: 2004 | D6: Asia | E6: 5285461999 | F6: 0.098 | G6: 19 | H6: 0.148 | I6: =IF(AND(E6="",B6=B5),E5,E6) -> 5285461999
A7: =CONCAT(B7,C7) -> Afghanistan-Asia2005 | B7: Afghanistan-Asia | C7: 2005 | D7: Asia | E7: 6275076016 | F7: 0.092 | G7: 21 | H7: 0.148 | I7: =IF(AND(E7="",B7=B6),E6,E7) -> 6275076016
A8: =CONCAT(B8,C8) -> Afghanistan-Asia2006 | B8: Afghanistan-Asia | C8: 2006 | D8: Asia | E8: 7057597615 | F8: 0.091 | G8: 23 | H8: 0.18 | I8: =IF(AND(E8="",B8=B7),E7,E8) -> 7057597615
A9: =CONCAT(B9,C9) -> Afghanistan-Asia2007 | B9: Afghanistan-Asia | C9: 2007 | D9: Asia | E9: 9843851009 | F9: 0.1 | G9: 30 | H9: 0.181 | I9: =IF(AND(E9="",B9=B8),E8,E9) -> 9843851009
A10: =CONCAT(B10,C10) -> Afghanistan-Asia2008 | B10: Afghanistan-Asia | C10: 2008 | D10: Asia | E10: 10190534636 | F10: 0.097 | G10: 35 | H10: 0.149 | I10: =IF(AND(E10="",B10=B9),E9,E10) -> 10190534636
A11: =CONCAT(B11,C11) -> Afghanistan-Asia2009 | B11: Afghanistan-Asia | C11: 2009 | D11: Asia | E11: 12486950469 | F11: 0.087 | G11: 35 | H11: 0.15 | I11: =IF(AND(E11="",B11=B10),E10,E11) -> 12486950469
A12: =CONCAT(B12,C12) -> Afghanistan-Asia2010 | B12: Afghanistan-Asia | C12: 2010 | D12: Asia | E12: 15936784436 | F12: 0.087 | G12: 43 | H12: 0.157 | I12: =IF(AND(E12="",B12=B11),E11,E12) -> 15936784436
A13: =CONCAT(B13,C13) -> Afghanistan-Asia2011 | B13: Afghanistan-Asia | C13: 2011 | D13: Asia | E13: 17870159082 | F13: 0.084 | G13: 48 | H13: 0.151 | I13: =IF(AND(E13="",B13=B12),E12,E13) -> 17870159082
A14: =CONCAT(B14,C14) -> Afghanistan-Asia2012 | B14: Afghanistan-Asia | C14: 2012 | D14: Asia | E14: 20506795254 | F14: 0.086 | G14: 51 | H14: 0.15 | I14: =IF(AND(E14="",B14=B13),E13,E14) -> 20506795254
A15: =CONCAT(B15,C15) -> Albania-Europe2000 | B15: Albania-Europe | C15: 2000 | D15: Europe | E15: 3686649387 | F15: 0.064 | G15: 70 | H15: 0.221 | I15: =IF(AND(E15="",B15=B14),E14,E15) -> 3686649387
A16: =CONCAT(B16,C16) -> Albania-Europe2001 | B16: Albania-Europe | C16: 2001 | D16: Europe | E16: 4091020249 | F16: 0.06 | G16: 75 | H16: 0.197 | I16: =IF(AND(E16="",B16=B15),E15,E16) -> 4091020249
A17: =CONCAT(B17,C17) -> Albania-Europe2002 | B17: Albania-Europe | C17: 2002 | D17: Europe | E17: 4449373456 | F17: 0.065 | G17: 89 | H17: 0.153 | I17: =IF(AND(E17="",B17=B16),E16,E17) -> 4449373456
... A40: =CONCAT(B40,C40) -> Algeria-Africa2012 | B40: Algeria-Africa | C40: 2012 | D40: Africa | E40: 204000000000 | F40: 0.052 | G40: 279 | H40: 0.08 | I40: =IF(AND(E40="",B40=B39),E39,E40) -> 204000000000
A41: =CONCAT(B41,C41) -> American Samoa-Oceania2000 | B41: American Samoa-Oceania | C41: 2000 | D41: Oceania | F41: 0.064 | G41: 193 | H41: 0.148 | I41: =IF(AND(E41="",B41=B40),E40,E41)
A42: =CONCAT(B42,C42) -> American Samoa-Oceania2001 | B42: American Samoa-Oceania | C42: 2001 | D42: Oceania | F42: 0.064 | G42: 193 | H42: 0.148 | I42: =IF(AND(E42="",B42=B41),E41,E42)
A43: =CONCAT(B43,C43) -> American Samoa-Oceania2002 | B43: American Samoa-Oceania | C43: 2002 | D43: Oceania | F43: 0.064 | G43: 193 | H43: 0.148 | I43: =IF(AND(E43="",B43=B42),E42,E43)
A44: =CONCAT(B44,C44) -> American Samoa-Oceania2003 | B44: American Samoa-Oceania | C44: 2003 | D44: Oceania | F44: 0.064 | G44: 193 | H44: 0.148 | I44: =IF(AND(E44="",B44=B43),E43,E44)
A45: =CONCAT(B45,C45) -> American Samoa-Oceania2004 | B45: American Samoa-Oceania | C45: 2004 | D45: Oceania | F45: 0.064 | G45: 193 | H45: 0.148 | I45: =IF(AND(E45="",B45=B44),E44,E45)
A46: =CONCAT(B46,C46) -> American Samoa-Oceania2005 | B46: American Samoa-Oceania | C46: 2005 | D46: Oceania | F46: 0.064 | G46: 193 | H46: 0.148 | I46: =IF(AND(E46="",B46=B45),E45,E46)
A47: =CONCAT(B47,C47) -> American Samoa-Oceania2006 | B47: American Samoa-Oceania | C47: 2006 | D47: Oceania | F47: 0.064 | G47: 193 | H47: 0.148 | I47: =IF(AND(E47="",B47=B46),E46,E47)
A48: =CONCAT(B48,C48) -> American Samoa-Oceania2007 | B48: American Samoa-Oceania | C48: 2007 | D48: Oceania | F48: 0.064 | G48: 193 | H48: 0.148 | I48: =IF(AND(E48="",B48=B47),E47,E48)
A49: =CONCAT(B49,C49) -> American Samoa-Oceania2008 | B49: American Samoa-Oceania | C49: 2008 | D49: Oceania | F49: 0.064 | G49: 193 | H49: 0.148 | I49: =IF(AND(E49="",B49=B48),E48,E49)
A50: =CONCAT(B50,C50) -> American Samoa-Oceania2009 | B50: American Samoa-Oceania | C50: 2009 | D50: Oceania | F50: 0.064 | G50: 193 | H50: 0.148 | I50: =IF(AND(E50="",B50=B49),E49,E50)
A51: =CONCAT(B51,C51) -> American Samoa-Oceania2010 | B51: American Samoa-Oceania | C51: 2010 | D51: Oceania | F51: 0.064 | G51: 193 | H51: 0.148 | I51: =IF(AND(E51="",B51=B50),E50,E51)
A52: =CONCAT(B52,C52) -> American Samoa-Oceania2011 | B52: American Samoa-Oceania | C52: 2011 | D52: Oceania | F52: 0.064 | G52: 193 | H52: 0.148 | I52: =IF(AND(E52="",B52=B51),E51,E52)
... A54: =CONCAT(B54,C54) -> Andorra-Europe2000 | B54: Andorra-Europe | C54: 2000 | D54: Europe | F54: 0.083 | G54: 3057 | H54: 0.148 | I54: =IF(AND(E54="",B54=B53),E53,E54)
A55: =CONCAT(B55,C55) -> Andorra-Europe2001 | B55: Andorra-Europe | C55: 2001 | D55: Europe | E55: 1133644295 | F55: 0.062 | G55: 1330 | H55: 0.148 | I55: =IF(AND(E55="",B55=B54),E54,E55) -> 1133644295
A56: =CONCAT(B56,C56) -> Andorra-Europe2002 | B56: Andorra-Europe | C56: 2002 | D56: Europe | E56: 1264760246 | F56: 0.056 | G56: 1294 | H56: 0.148 | I56: =IF(AND(E56="",B56=B55),E55,E56) -> 1264760246
A57: =CONCAT(B57,C57) -> Andorra-Europe2003 | B57: Andorra-Europe | C57: 2003 | D57: Europe | E57: 1456198796 | F57: 0.058 | G57: 1486 | H57: 0.148 | I57: =IF(AND(E57="",B57=B56),E56,E57) -> 1456198796
A58: =CONCAT(B58,C58) -> Andorra-Europe2004 | B58: Andorra-Europe | C58: 2004 | D58: Europe | E58: 1917948475 | F58: 0.058 | G58: 1891 | H58: 0.148 | I58: =IF(AND(E58="",B58=B57),E57,E58) -> 1917948475
A59: =CONCAT(B59,C59) -> Andorra-Europe2005 | B59: Andorra-Europe | C59: 2005 | D59: Europe | E59: 2322163502 | F59: 0.057 | G59: 2193 | H59: 0.148 | I59: =IF(AND(E59="",B59=B58),E58,E59) -> 2322163502
A60: =CONCAT(B60,C60) -> Andorra-Europe2006 | B60: Andorra-Europe | C60: 2006 | D60: Europe | E60: 2539759286 | F60: 0.058 | G60: 2356 | H60: 0.148 | I60: =IF(AND(E60="",B60=B59),E59,E60) -> 2539759286
A61: =CONCAT(B61,C61) -> Andorra-Europe2007 | B61: Andorra-Europe | C61: 2007 | D61: Europe | E61: 2823503853 | F61: 0.06 | G61: 2631 | H61: 0.148 | I61: =IF(AND(E61="",B61=B60),E60,E61) -> 2823503853
A62: =CONCAT(B62,C62) -> Andorra-Europe2008 | B62: Andorra-Europe | C62: 2008 | D62: Europe | E62: 3245411584 | F62: 0.062 | G62: 3012 | H62: 0.148 | I62: =IF(AND(E62="",B62=B61),E61,E62) -> 3245411584
A63: =CONCAT(B63,C63) -> Andorra-Europe2009 | B63: Andorra-Europe | C63: 2009 | D63: Europe | E63: 3712034267 | F63: 0.062 | G63: 3105 | H63: 0.148 | I63: =IF(AND(E63="",B63=B62),E62,E63) -> 3712034267
A64: =CONCAT(B64,C64) -> Andorra-Europe2010 | B64: Andorra-Europe | C64: 2010 | D64: Europe | F64: 0.062 | G64: 2762 | H64: 0.148 | I64: =IF(AND(E64="",B64=B63),E63,E64) -> 3712034267
A65: =CONCAT(B65,C65) -> Andorra-Europe2011 | B65: Andorra-Europe | C65: 2011 | D65: Europe | F65: 0.072 | G65: 2958 | H65: 0.148 | I65: =IF(AND(E65="",B65=B64),E64,E65)
A66: =CONCAT(B66,C66) -> Andorra-Europe2012 | B66: Andorra-Europe | C66: 2012 | D66: Europe | F66: 0.072 | G66: 3053 | H66: 0.148 | I66: =IF(AND(E66="",B66=B65),E65,E66)
A67: =CONCAT(B67,C67) -> Angola-Africa2000 | B67: Angola-Africa | C67: 2000 | D67: Africa | E67: 115000000000 | F67: 0.035 | G67: 190 | H67: 0.167 | I67: =IF(AND(E67="",B67=B66),E66,E67) -> 115000000000
A68: =CONCAT(B68,C68) -> Angola-Africa2001 | B68: Angola-Africa | C68: 2001 | D68: Africa | E68: 9129594819 | F68: 0.034 | G68: 22 | H68: 1.032 | I68: =IF(AND(E68="",B68=B67),E67,E68) -> 9129594819
A69: =CONCAT(B69,C69) -> Angola-Africa2002 | B69: Angola-Africa | C69: 2002 | D69: Africa | E69: 8936079253 | F69: 0.058 | G69: 36 | H69: 0.96 | I69: =IF(AND(E69="",B69=B68),E68,E69) -> 8936079253
A70: =CONCAT(B70,C70) -> Angola-Africa2003 | B70: Angola-Africa | C70: 2003 | D70: Africa | E70: 12497346043 | F70: 0.044 | G70: 33 | H70: 0.973 | I70: =IF(AND(E70="",B70=B69),E69,E70) -> 12497346043
A71: =CONCAT(B71,C71) -> Angola-Africa2004 | B71: Angola-Africa | C71: 2004 | D71: Africa | E71: 14188949240 | F71: 0.049 | G71: 45 | H71: 0.961 | I71: =IF(AND(E71="",B71=B70),E70,E71) -> 14188949240
A72: =CONCAT(B72,C72) -> Angola-Africa2005 | B72: Angola-Africa | C72: 2005 | D72: Africa | E72: 19640862550 | F72: 0.051 | G72: 63 | H72: 0.823 | I72: =IF(AND(E72="",B72=B71),E71,E72) -> 19640862550
A73: =CONCAT(B73,C73) -> Angola-Africa2006 | B73: Angola-Africa | C73: 2006 | D73: Africa | E73: 28233699240 | F73: 0.042 | G73: 71 | H73: 0.677 | I73: =IF(AND(E73="",B73=B72),E72,E73) -> 28233699240
A74: =CONCAT(B74,C74) -> Angola-Africa2007 | B74: Angola-Africa | C74: 2007 | D74: Africa | E74: 41789494462 | F74: 0.045 | G74: 111 | H74: 0.195 | I74: =IF(AND(E74="",B74=B73),E73,E74) -> 41789494462
A75: =CONCAT(B75,C75) -> Angola-Africa2008 | B75: Angola-Africa | C75: 2008 | D75: Africa | E75: 60448890972 | F75: 0.034 | G75: 115 | H75: 0.177 | I75: =IF(AND(E75="",B75=B74),E74,E75) -> 60448890972
A76: =CONCAT(B76,C76) -> Angola-Africa2009 | B76: Angola-Africa | C76: 2009 | D76: Africa | E76: 84178086999 | F76: 0.038 | G76: 177 | H76: 0.125 | I76: =IF(AND(E76="",B76=B75),E75,E76) -> 84178086999
A77: =CONCAT(B77,C77) -> Angola-Africa2010 | B77: Angola-Africa | C77: 2010 | D77: Africa | E77: 75492417649 | F77: 0.044 | G77: 174 | H77: 0.157 | I77: =IF(AND(E77="",B77=B76),E76,E77) -> 75492417649
A78: =CONCAT(B78,C78) -> Angola-Africa2011 | B78: Angola-Africa | C78: 2011 | D78: Africa | E78: 82470894868 | F78: 0.034 | G78: 144 | H78: 0.225 | I78: =IF(AND(E78="",B78=B77),E77,E78) -> 82470894868
... A118: =CONCAT(B118,C118) -> Armenia-Asia2012 | B118: Armenia-Asia | C118: 2012 | D118: Asia | E118: 10142342770 | F118: 0.037 | G118: 127 | H118: 0.178 | I118: =IF(AND(E118="",B118=B117),E117,E118) -> 10142342770
A119: =CONCAT(B119,C119) -> Aruba-The Americas2000 | B119: Aruba-The Americas | C119: 2000 | D119: The Americas | F119: 0.064 | G119: 193 | H119: 0.092 | I119: =IF(AND(E119="",B119=B118),E118,E119)
A120: =CONCAT(B120,C120) -> Aruba-The Americas2001 | B120: Aruba-The Americas | C120: 2001 | D120: The Americas | E120: 1873452514 | F120: 0.064 | G120: 193 | H120: 0.121 | I120: =IF(AND(E120="",B120=B119),E119,E120) -> 1873452514
A121: =CONCAT(B121,C121) -> Aruba-The Americas2002 | B121: Aruba-The Americas | C121: 2002 | D121: The Americas | E121: 1920262570 | F121: 0.064 | G121: 193 | H121: 0.121 | I121: =IF(AND(E121="",B121=B120),E120,E121) -> 1920262570
A122: =CONCAT(B122,C122) -> Aruba-The Americas2003 | B122: Aruba-The Americas | C122: 2003 | D122: The Americas | E122: 1941094972 | F122: 0.064 | G122: 193 | H122: 0.131 | I122: =IF(AND(E122="",B122=B121),E121,E122) -> 1941094972
A123: =CONCAT(B123,C123) -> Aruba-The Americas2004 | B123: Aruba-The Americas | C123: 2004 | D123: The Americas | E123: 2021301676 | F123: 0.064 | G123: 193 | H123: 0.115 | I123: =IF(AND(E123="",B123=B122),E122,E123) -> 2021301676
A124: =CONCAT(B124,C124) -> Aruba-The Americas2005 | B124: Aruba-The Americas | C124: 2005 | D124: The Americas | E124: 2228279330 | F124: 0.064 | G124: 193 | H124: 0.116 | I124: =IF(AND(E124="",B124=B123),E123,E124) -> 2228279330
A125: =CONCAT(B125,C125) -> Aruba-The Americas2006 | B125: Aruba-The Americas | C125: 2006 | D125: The Americas | E125: 2331005587 | F125: 0.064 | G125: 193 | H125: 0.115 | I125: =IF(AND(E125="",B125=B124),E124,E125) -> 2331005587
A126: =CONCAT(B126,C126) -> Aruba-The Americas2007 | B126: Aruba-The Americas | C126: 2007 | D126: The Americas | E126: 2421474860 | F126: 0.064 | G126: 193 | H126: 0.113 | I126: =IF(AND(E126="",B126=B125),E125,E126) -> 2421474860
A127: =CONCAT(B127,C127) -> Aruba-The Americas2008 | B127: Aruba-The Americas | C127: 2008 | D127: The Americas | E127: 2623726257 | F127: 0.064 | G127: 193 | H127: 0.11 | I127: =IF(AND(E127="",B127=B126),E126,E127) -> 2623726257
A128: =CONCAT(B128,C128) -> Aruba-The Americas2009 | B128: Aruba-The Americas | C128: 2009 | D128: The Americas | E128: 2791960894 | F128: 0.064 | G128: 193 | H128: 0.112 | I128: =IF(AND(E128="",B128=B127),E127,E128) -> 2791960894
A129: =CONCAT(B129,C129) -> Aruba-The Americas2010 | B129: Aruba-The Americas | C129: 2010 | D129: The Americas | E129: 2498932961 | F129: 0.064 | G129: 193 | H129: 0.108 | I129: =IF(AND(E129="",B129=B128),E128,E129) -> 2498932961
A130: =CONCAT(B130,C130) -> Aruba-The Americas2011 | B130: Aruba-The Americas | C130: 2011 | D130: The Americas | E130: 2467703911 | F130: 0.064 | G130: 193 | H130: 0.107 | I130: =IF(AND(E130="",B130=B129),E129,E130) -> 2467703911
A131: =CONCAT(B131,C131) -> Aruba-The Americas2012 | B131: Aruba-The Americas | C131: 2012 | D131: The Americas | E131: 2584463687 | F131: 0.064 | G131: 193 | H131: 0.097 | I131: =IF(AND(E131="",B131=B130),E130,E131) -> 2584463687
... A443: =CONCAT(B443,C443) -> Canada-The Americas2012 | B443: Canada-The Americas | C443: 2012 | D443: The Americas | E443: 1780000000000 | F443: 0.109 | G443: 5656 | H443: 0.03 | I443: =IF(AND(E443="",B443=B442),E442,E443) -> 1780000000000
A444: =CONCAT(B444,C444) -> Cayman Islands-The Americas2000 | B444: Cayman Islands-The Americas | C444: 2000 | D444: The Americas | F444: 0.064 | G444: 193 | H444: 0.148 | I444: =IF(AND(E444="",B444=B443),E443,E444)
A445: =CONCAT(B445,C445) -> Cayman Islands-The Americas2001 | B445: Cayman Islands-The Americas | C445: 2001 | D445: The Americas | F445: 0.064 | G445: 193 | H445: 0.148 | I445: =IF(AND(E445="",B445=B444),E444,E445)
A446: =CONCAT(B446,C446) -> Cayman Islands-The Americas2002 | B446: Cayman Islands-The Americas | C446: 2002 | D446: The Americas | F446: 0.064 | G446: 193 | H446: 0.148 | I446: =IF(AND(E446="",B446=B445),E445,E446)
A447: =CONCAT(B447,C447) -> Cayman Islands-The Americas2003 | B447: Cayman Islands-The Americas | C447: 2003 | D447: The Americas | F447: 0.064 | G447: 193 | H447: 0.148 | I447: =IF(AND(E447="",B447=B446),E446,E447)
A448: =CONCAT(B448,C448) -> Cayman Islands-The Americas2004 | B448: Cayman Islands-The Americas | C448: 2004 | D448: The Americas | F448: 0.064 | G448: 193 | H448: 0.148 | I448: =IF(AND(E448="",B448=B447),E447,E448)
A449: =CONCAT(B449,C449) -> Cayman Islands-The Americas2005 | B449: Cayman Islands-The Americas | C449: 2005 | D449: The Americas | F449: 0.064 | G449: 193 | H449: 0.148 | I449: =IF(AND(E449="",B449=B448),E448,E449)
A450: =CONCAT(B450,C450) -> Cayman Islands-The Americas2006 | B450: Cayman Islands-The Americas | C450: 2006 | D450: The Americas | F450: 0.064 | G450: 193 | H450: 0.148 | I450: =IF(AND(E450="",B450=B449),E449,E450)
A451: =CONCAT(B451,C451) -> Cayman Islands-The Americas2007 | B451: Cayman Islands-The Americas | C451: 2007 | D451: The Americas | F451: 0.064 | G451: 193 | H451: 0.148 | I451: =IF(AND(E451="",B451=B450),E450,E451)
A452: =CONCAT(B452,C452) -> Cayman Islands-The Americas2008 | B452: Cayman Islands-The Americas | C452: 2008 | D452: The Americas | F452: 0.064 | G452: 193 | H452: 0.148 | I452: =IF(AND(E452="",B452=B451),E451,E452)
A453: =CONCAT(B453,C453) -> Cayman Islands-The Americas2009 | B453: Cayman Islands-The Americas | C453: 2009 | D453: The Americas | F453: 0.064 | G453: 193 | H453: 0.148 | I453: =IF(AND(E453="",B453=B452),E452,E453)
A454: =CONCAT(B454,C454) -> Cayman Islands-The Americas2010 | B454: Cayman Islands-The Americas | C454: 2010 | D454: The Americas | F454: 0.064 | G454: 193 | H454: 0.148 | I454: =IF(AND(E454="",B454=B453),E453,E454)
A455: =CONCAT(B455,C455) -> Cayman Islands-The Americas2011 | B455: Cayman Islands-The Americas | C455: 2011 | D455: The Americas | F455: 0.064 | G455: 193 | H455: 0.148 | I455: =IF(AND(E455="",B455=B454),E454,E455)
A456: =CONCAT(B456,C456) -> Cayman Islands-The Americas2012 | B456: Cayman Islands-The Americas | C456: 2012 | D456: The Americas | F456: 0.064 | G456: 193 | H456: 0.148 | I456: =IF(AND(E456="",B456=B455),E455,E456)
A457: =CONCAT(B457,C457) -> Central African Republic-Africa2000 | B457: Central African Republic-Africa | C457: 2000 | D457: Africa | E457: 2169706411 | F457: 0.038 | G457: 18 | H457: 0.148 | I457: =IF(AND(E457="",B457=B456),E456,E457) -> 2169706411
A458: =CONCAT(B458,C458) -> Central African Republic-Africa2001 | B458: Central African Republic-Africa | C458: 2001 | D458: Africa | E458: 914500332 | F458: 0.043 | G458: 11 | H458: 0.22 | I458: =IF(AND(E458="",B458=B457),E457,E458) -> 914500332
A459: =CONCAT(B459,C459) -> Central African Republic-Africa2002 | B459: Central African Republic-Africa | C459: 2002 | D459: Africa | E459: 931833294 | F459: 0.04 | G459: 10 | H459: 0.207 | I459: =IF(AND(E459="",B459=B458),E458,E459) -> 931833294
A460: =CONCAT(B460,C460) -> Central African Republic-Africa2003 | B460: Central African Republic-Africa | C460: 2003 | D460: Africa | E460: 991387865 | F460: 0.042 | G460: 11 | H460: 0.18 | I460: =IF(AND(E460="",B460=B459),E459,E460) -> 991387865
A461: =CONCAT(B461,C461) -> Central African Republic-Africa2004 | B461: Central African Republic-Africa | C461: 2004 | D461: Africa | E461: 1139754772 | F461: 0.044 | G461: 13 | H461: 0.18 | I461: =IF(AND(E461="",B461=B460),E460,E461) -> 1139754772
A462: =CONCAT(B462,C462) -> Central African Republic-Africa2005 | B462: Central African Republic-Africa | C462: 2005 | D462: Africa | E462: 1270080228 | F462: 0.041 | G462: 14 | H462: 0.18 | I462: =IF(AND(E462="",B462=B461),E461,E462) -> 1270080228
A463: =CONCAT(B463,C463) -> Central African Republic-Africa2006 | B463: Central African Republic-Africa | C463: 2006 | D463: Africa | E463: 1350300947 | F463: 0.044 | G463: 15 | H463: 0.177 | I463: =IF(AND(E463="",B463=B462),E462,E463) -> 1350300947
A464: =CONCAT(B464,C464) -> Central African Republic-Africa2007 | B464: Central African Republic-Africa | C464: 2007 | D464: Africa | E464: 1473721521 | F464: 0.04 | G464: 15 | H464: 0.153 | I464: =IF(AND(E464="",B464=B463),E463,E464) -> 1473721521
A465: =CONCAT(B465,C465) -> Central African Republic-Africa2008 | B465: Central African Republic-Africa | C465: 2008 | D465: Africa | E465: 1698125680 | F465: 0.043 | G465: 18 | H465: 0.15 | I465: =IF(AND(E465="",B465=B464),E464,E465) -> 1698125680
A466: =CONCAT(B466,C466) -> Central African Republic-Africa2009 | B466: Central African Republic-Africa | C466: 2009 | D466: Africa | E466: 1985370255 | F466: 0.043 | G466: 20 | H466: 0.148 | I466: =IF(AND(E466="",B466=B465),E465,E466) -> 1985370255
A467: =CONCAT(B467,C467) -> Central African Republic-Africa2010 | B467: Central African Republic-Africa | C467: 2010 | D467: Africa | E467: 1981728179 | F467: 0.036 | G467: 17 | H467: 0.148 | I467: =IF(AND(E467="",B467=B466),E466,E467) -> 1981728179
A468: =CONCAT(B468,C468) -> Central African Republic-Africa2011 | B468: Central African Republic-Africa | C468: 2011 | D468: Africa | E468: 1986014759 | F468: 0.039 | G468: 18 | H468: 0.148 | I468: =IF(AND(E468="",B468=B467),E467,E468) -> 1986014759
... A611: =CONCAT(B611,C611) -> Cuba-The Americas2011 | B611: Cuba-The Americas | C611: 2011 | D611: The Americas | E611: 68233900000 | F611: 0.106 | G611: 648 | H611: 0.148 | I611: =IF(AND(E611="",B611=B610),E610,E611) -> 68233900000
A612: =CONCAT(B612,C612) -> Cuba-The Americas2012 | B612: Cuba-The Americas | C612: 2012 | D612: The Americas | F612: 0.086 | G612: 558 | H612: 0.148 | I612: =IF(AND(E612="",B612=B611),E611,E612) -> 68233900000
A613: =CONCAT(B613,C613) -> Curacao-The Americas2000 | B613: Curacao-The Americas | C613: 2000 | D613: The Americas | F613: 0.064 | G613: 193 | H613: 0.148 | I613: =IF(AND(E613="",B613=B612),E612,E613)
A614: =CONCAT(B614,C614) -> Curacao-The Americas2001 | B614: Curacao-The Americas | C614: 2001 | D614: The Americas | F614: 0.064 | G614: 193 | H614: 0.148 | I614: =IF(AND(E614="",B614=B613),E613,E614)
A615: =CONCAT(B615,C615) -> Curacao-The Americas2002 | B615: Curacao-The Americas | C615: 2002 | D615: The Americas | F615: 0.064 | G615: 193 | H615: 0.148 | I615: =IF(AND(E615="",B615=B614),E614,E615)
...

Sheet ENERGY
A1: ID | B1: Region | C1: Country/Region | D1: YEAR | E1: Energy Usage | F1: CO2 Emissions
A2: =CONCAT(C2,D2) -> Afghanistan-Asia2000 | B2: Asia | C2: Afghanistan-Asia | D2: 2000 | E2: 14338 | F2: 8529
A3: =CONCAT(C3,D3) -> Afghanistan-Asia2001 | B3: Asia | C3: Afghanistan-Asia | D3: 2001 | E3: 14338 | F3: 8529
A4: =CONCAT(C4,D4) -> Afghanistan-Asia2002 | B4: Asia | C4: Afghanistan-Asia | D4: 2002 | E4: 14338 | F4: 8236
A5: =CONCAT(C5,D5) -> Afghanistan-Asia2003 | B5: Asia | C5: Afghanistan-Asia | D5: 2003 | E5: 14338 | F5: 6524
A6: =CONCAT(C6,D6) -> Afghanistan-Asia2004 | B6: Asia | C6: Afghanistan-Asia | D6: 2004 | E6: 14338 | F6: 3927
A7: =CONCAT(C7,D7) -> Afghanistan-Asia2005 | B7: Asia | C7: Afghanistan-Asia | D7: 2005 | E7: 14338 | F7: 1991
A8: =CONCAT(C8,D8) -> Afghanistan-Asia2006 | B8: Asia | C8: Afghanistan-Asia | D8: 2006 | E8: 14338 | F8: 1016
A9: =CONCAT(C9,D9) -> Afghanistan-Asia2007 | B9: Asia | C9: Afghanistan-Asia | D9: 2007 | E9: 14338 | F9: 583
A10: =CONCAT(C10,D10) -> Afghanistan-Asia2008 | B10: Asia | C10: Afghanistan-Asia | D10: 2008 | E10: 14338 | F10: 781
A11: =CONCAT(C11,D11) -> Afghanistan-Asia2009 | B11: Asia | C11: Afghanistan-Asia | D11: 2009 | E11: 14338 | F11: 1338
A12: =CONCAT(C12,D12) -> Afghanistan-Asia2010 | B12: Asia | C12: Afghanistan-Asia | D12: 2010 | E12: 14338 | F12: 733
A13: =CONCAT(C13,D13) -> Afghanistan-Asia2011 | B13: Asia | C13: Afghanistan-Asia | D13: 2011 | E13: 14338 | F13: 645
A14: =CONCAT(C14,D14) -> Afghanistan-Asia2012 | B14: Asia | C14: Afghanistan-Asia | D14: 2012 | E14: 14338 | F14: 359
A15: =CONCAT(C15,D15) -> Albania-Europe2000 | B15: Europe | C15: Albania-Europe | D15: 2000 | E15: 14338 | F15: 8529 | H15: Average | I15: Median | J15: S.D
A16: =CONCAT(C16,D16) -> Albania-Europe2001 | B16: Europe | C16: Albania-Europe | D16: 2001 | E16: 2173 | F16: 8529 | G16: Energy Usage | H16: =AVERAGE(E26:E2715) -> 56481.71 | I16: =MEDIAN(E26:E2715) -> 14338 | J16: =STDEV(E26:E2715) -> 214664.34 | K16: S.D>mean replace missing values with median
A17: =CONCAT(C17,D17) -> Albania-Europe2002 | B17: Europe | C17: Albania-Europe | D17: 2002 | E17: 2059 | F17: 4283 | G17: CO2 Emissions | H17: =AVERAGE(F38:F2727) -> 115345.84 | I17: =MEDIAN(F38:F2727) -> 8529 | J17: =STDEV(F38:F2727) -> 553618.55 | K17: S.D>mean replace missing values with median
A18: =CONCAT(C18,D18) -> Albania-Europe2003 | B18: Europe | C18: Albania-Europe | D18: 2003 | E18: 2068 | F18: 3880
A19: =CONCAT(C19,D19) -> Albania-Europe2004 | B19: Europe | C19: Albania-Europe | D19: 2004 | E19: 2061 | F19: 4129
A20: =CONCAT(C20,D20) -> Albania-Europe2005 | B20: Europe | C20: Albania-Europe | D20: 2005 | E20: 2025 | F20: 4056
A21: =CONCAT(C21,D21) -> Albania-Europe2006 | B21: Europe | C21: Albania-Europe | D21: 2006 | E21: 2172 | F21: 4254
A22: =CONCAT(C22,D22) -> Albania-Europe2007 | B22: Europe | C22: Albania-Europe | D22: 2007 | E22: 1976 | F22: 4294
A23: =CONCAT(C23,D23) -> Albania-Europe2008 | B23: Europe | C23: Albania-Europe | D23: 2008 | E23: 1763 | F23: 3022
A24: =CONCAT(C24,D24) -> Albania-Europe2009 | B24: Europe | C24: Albania-Europe | D24: 2009 | E24: 2068 | F24: 3865
A25: =CONCAT(C25,D25) -> Albania-Europe2010 | B25: Europe | C25: Albania-Europe | D25: 2010 | E25: 2172 | F25: 4166
A26: =CONCAT(C26,D26) -> Albania-Europe2011 | B26: Europe | C26: Albania-Europe | D26: 2011 | E26: 1783 | F26: 3223
A27: =CONCAT(C27,D27) -> Albania-Europe2012 | B27: Europe | C27: Albania-Europe | D27: 2012 | E27: 1975 | F27: 3751
A28: =CONCAT(C28,D28) -> Algeria-Africa2000 | B28: Africa | C28: Algeria-Africa | D28: 2000 | E28: 14338 | F28: 8529
A29: =CONCAT(C29,D29) -> Algeria-Africa2001 | B29: Africa | C29: Algeria-Africa | D29: 2001 | E29: 41852 | F29: 8529
... A2692: =CONCAT(C2692,D2692) -> Zimbabwe-Africa2012 | B2692: Africa | C2692: Zimbabwe-Africa | D2692: 2012 | E2692: 9865 | F2692: 13887

Sheet HUMAN RESOURCES
A1: ID | B1: Birth Rate | C1: Infant Mortality Rate | D1: Life Expectancy Female | E1: Life Expectancy Male | F1: Population 0-14 | G1: Population 15-64 | H1: Population 65+ | I1: Population Total | J1: Population Urban | K1: Country/Region | L1: Region | M1: YEAR
A2: =CONCATENATE(K2,M2) -> Afghanistan-Asia2000 | B2: 0.05 | C2: 0.095 | D2: 56 | E2: 54 | F2: 0.495 | G2: 0.485 | H2: 0.02 | I2: 20595360 | J2: 0.213 | K2: Afghanistan-Asia | L2: Asia | M2: 2000
A3: =CONCATENATE(K3,M3) -> Afghanistan-Asia2001 | B3: 0.049 | C3: 0.093 | D3: 56 | E3: 54 | F3: 0.495 | G3: 0.484 | H3: 0.02 | I3: 21347782 | J3: 0.216 | K3: Afghanistan-Asia | L3: Asia | M3: 2001
A4: =CONCATENATE(K4,M4) -> Afghanistan-Asia2002 | B4: 0.048 | C4: 0.091 | D4: 57 | E4: 55 | F4: 0.495 | G4: 0.485 | H4: 0.02 | I4: 22202806 | J4: 0.219 | K4: Afghanistan-Asia | L4: Asia | M4: 2002
A5: =CONCATENATE(K5,M5) -> Afghanistan-Asia2003 | B5: 0.047 | C5: 0.088 | D5: 57 | E5: 55 | F5: 0.494 | G5: 0.485 | H5: 0.02 | I5: 23116142 | J5: 0.222 | K5: Afghanistan-Asia | L5: Asia | M5: 2003
A6: =CONCATENATE(K6,M6) -> Afghanistan-Asia2004 | B6: 0.046 | C6: 0.086 | D6: 58 | E6: 55 | F6: 0.494 | G6: 0.486 | H6: 0.02 | I6: 24018682 | J6: 0.226 | K6: Afghanistan-Asia | L6: Asia | M6: 2004
A7: =CONCATENATE(K7,M7) -> Afghanistan-Asia2005 | B7: 0.045 | C7: 0.084 | D7: 58 | E7: 56 | F7: 0.493 | G7: 0.487 | H7: 0.02 | I7: 24860855 | J7: 0.229 | K7: Afghanistan-Asia | L7: Asia | M7: 2005
A8: =CONCATENATE(K8,M8) -> Afghanistan-Asia2006 | B8: 0.044 | C8: 0.082 | D8: 59 | E8: 56 | F8: 0.493 | G8: 0.487 | H8: 0.02 | I8: 25631282 | J8: 0.232 | K8: Afghanistan-Asia | L8: Asia | M8: 2006
A9: =CONCATENATE(K9,M9) -> Afghanistan-Asia2007 | B9: 0.042 | C9: 0.08 | D9: 59 | E9: 57 | F9: 0.492 | G9: 0.487 | H9: 0.021 | I9: 26349243 | J9: 0.236 | K9: Afghanistan-Asia | L9: Asia | M9: 2007
A10: =CONCATENATE(K10,M10) -> Afghanistan-Asia2008 | B10: 0.041 | C10: 0.079 | D10: 60 | E10: 57 | F10: 0.492 | G10: 0.487 | H10: 0.021 | I10: 27032197 | J10: 0.239 | K10: Afghanistan-Asia | L10: Asia | M10: 2008
A11: =CONCATENATE(K11,M11) -> Afghanistan-Asia2009 | B11: 0.039 | C11: 0.077 | D11: 60 | E11: 58 | F11: 0.49 | G11: 0.489 | H11: 0.021 | I11: 27708187 | J11: 0.243 | K11: Afghanistan-Asia | L11: Asia | M11: 2009
A12: =CONCATENATE(K12,M12) -> Afghanistan-Asia2010 | B12: 0.038 | C12: 0.075 | D12: 61 | E12: 58 | F12: 0.486 | G12: 0.492 | H12: 0.022 | I12: 28397812 | J12: 0.247 | K12: Afghanistan-Asia | L12: Asia | M12: 2010
A13: =CONCATENATE(K13,M13) -> Afghanistan-Asia2011 | B13: 0.037 | C13: 0.074 | D13: 61 | E13: 59 | F13: 0.481 | G13: 0.497 | H13: 0.022 | I13: 29105480 | J13: 0.251 | K13: Afghanistan-Asia | L13: Asia | M13: 2011
... A27: =CONCATENATE(K27,M27) -> Albania-Europe2012 | B27: 0.013 | C27: 0.014 | D27: 80 | E27: 74 | F27: 0.213 | G27: 0.681 | H27: 0.106 | I27: 2801681 | J27: 0.543 | K27: Albania-Europe | L27: Europe | M27: 2012
A28: =CONCATENATE(K28,M28) -> Algeria-Africa2000 | B28: 0.02 | C28: 0.034 | D28: 71 | E28: 67 | F28: 0.342 | G28: 0.619 | H28: 0.039 | I28: 31719449 | J28: 0.599 | K28: Algeria-Africa | L28: Africa | M28: 2000 | P28: Average | Q28: Median | R28: S.D
A29: =CONCATENATE(K29,M29) -> Algeria-Africa2001 | B29: 0.019 | C29: 0.033 | D29: 71 | E29: 68 | F29: 0.33 | G29: 0.63 | H29: 0.04 | I29: 32150198 | J29: 0.607 | K29: Algeria-Africa | L29: Africa | M29: 2001
A30: =CONCATENATE(K30,M30) -> Algeria-Africa2002 | B30: 0.019 | C30: 0.032 | D30: 71 | E30: 68 | F30: 0.318 | G30: 0.641 | H30: 0.041 | I30: 32572977 | J30: 0.615 | K30: Algeria-Africa | L30: Africa | M30: 2002
A31: =CONCATENATE(K31,M31) -> Algeria-Africa2003 | B31: 0.02 | C31: 0.031 | D31: 71 | E31: 68 | F31: 0.307 | G31: 0.651 | H31: 0.042 | I31: 33003442 | J31: 0.623 | K31: Algeria-Africa | L31: Africa | M31: 2003
A32: =CONCATENATE(K32,M32) -> Algeria-Africa2004 | B32: 0.02 | C32: 0.03 | D32: 71 | E32: 68 | F32: 0.297 | G32: 0.66 | H32: 0.043 | I32: 33461345 | J32: 0.631 | K32: Algeria-Africa | L32: Africa | M32: 2004
A33: =CONCATENATE(K33,M33) -> Algeria-Africa2005 | B33: 0.021 | C33: 0.029 | D33: 71 | E33: 68 | F33: 0.289 | G33: 0.667 | H33: 0.044 | I33: 33960903 | J33: 0.638 | K33: Algeria-Africa | L33: Africa | M33: 2005
A34: =CONCATENATE(K34,M34) -> Algeria-Africa2006 | B34: 0.022 | C34: 0.028 | D34: 72 | E34: 68 | F34: 0.282 | G34: 0.673 | H34: 0.045 | I34: 34507214 | J34: 0.646 | K34: Algeria-Africa | L34: Africa | M34: 2006
A35: =CONCATENATE(K35,M35) -> Algeria-Africa2007 | B35: 0.023 | C35: 0.026 | D35: 72 | E35: 69 | F35: 0.277 | G35: 0.677 | H35: 0.046 | I35: 35097043 | J35: 0.653 | K35: Algeria-Africa | L35: Africa | M35: 2007
A36: =CONCATENATE(K36,M36) -> Algeria-Africa2008 | B36: 0.024 | C36: 0.025 | D36: 72 | E36: 69 | F36: 0.274 | G36: 0.68 | H36: 0.047 | I36: 35725377 | J36: 0.661 | K36: Algeria-Africa | L36: Africa | M36: 2008
A37: =CONCATENATE(K37,M37) -> Algeria-Africa2009 | B37: 0.024 | C37: 0.024 | D37: 72 | E37: 69 | F37: 0.272 | G37: 0.681 | H37: 0.047 | I37: 36383302 | J37: 0.668 | K37: Algeria-Africa | L37: Africa | M37: 2009
A38: =CONCATENATE(K38,M38) -> Algeria-Africa2010 | B38: 0.025 | C38: 0.024 | D38: 72 | E38: 69 | F38: 0.271 | G38: 0.681 | H38: 0.047 | I38: 37062820 | J38: 0.675 | K38: Algeria-Africa | L38: Africa | M38: 2010
A39: =CONCATENATE(K39,M39) -> Algeria-Africa2011 | B39: 0.025 | C39: 0.023 | D39: 72 | E39: 69 | F39: 0.272 | G39: 0.681 | H39: 0.047 | I39: 37762962 | J39: 0.682 | K39: Algeria-Africa | L39: Africa | M39: 2011
A40: =CONCATENATE(K40,M40) -> Algeria-Africa2012 | B40: 0.025 | C40: 0.022 | D40: 73 | E40: 69 | F40: 0.274 | G40: 0.679 | H40: 0.047 | I40: 38481705 | J40: 0.689 | K40: Algeria-Africa | L40: Africa | M40: 2012
... A66: =CONCATENATE(K66,M66) -> Andorra-Europe2012 | B66: 0.01 | C66: 0.002 | D66: 71 | E66: 66 | F66: 0.0303 | G66: 0.623 | H66: 0.073 | I66: 78360 | J66: 0.867 | K66: Andorra-Europe | L66: Europe | M66: 2012
A67: =CONCATENATE(K67,M67) -> Angola-Africa2000 | B67: 0.05 | C67: 0.128 | D67: 47 | E67: 44 | F67: 0.476 | G67: 0.499 | H67: 0.025 | I67: 13924930 | J67: 0.324 | K67: Angola-Africa | L67: Africa | M67: 2000 | O67: Birth Rate | P67: =AVERAGE(B66:B2756) -> 0.022758945 | Q67: =MEDIAN(B66:B2756) -> 0.021 | R67: =STDEV(B66:B2756) -> 0.011084308 | S67: replacing missing values with mean
A68: =CONCATENATE(K68,M68) -> Angola-Africa2001 | B68: 0.05 | C68: 0.127 | D68: 47 | E68: 45 | F68: 0.477 | G68: 0.499 | H68: 0.025 | I68: 14385283 | J68: 0.332 | K68: Angola-Africa | L68: Africa | M68: 2001
A69: =CONCATENATE(K69,M69) -> Angola-Africa2002 | B69: 0.05 | C69: 0.126 | D69: 48 | E69: 45 | F69: 0.477 | G69: 0.499 | H69: 0.025 | I69: 14886574 | J69: 0.339 | K69: Angola-Africa | L69: Africa | M69: 2002
A70: =CONCATENATE(K70,M70) -> Angola-Africa2003 | B70: 0.05 | C70: 0.125 | D70: 49 | E70: 46 | F70: 0.477 | G70: 0.498 | H70: 0.025 | I70: 15421075 | J70: 0.346 | K70: Angola-Africa | L70: Africa | M70: 2003
A71: =CONCATENATE(K71,M71) -> Angola-Africa2004 | B71: 0.05 | C71: 0.123 | D71: 49 | E71: 47 | F71: 0.477 | G71: 0.498 | H71: 0.025 | I71: 15976715 | J71: 0.354 | K71: Angola-Africa | L71: Africa | M71: 2004
A72: =CONCATENATE(K72,M72) -> Angola-Africa2005 | B72: 0.049 | C72: 0.122 | D72: 50 | E72: 47 | F72: 0.478 | G72: 0.498 | H72: 0.025 | I72: 16544376 | J72: 0.362 | K72: Angola-Africa | L72: Africa | M72: 2005
A73: =CONCATENATE(K73,M73) -> Angola-Africa2006 | B73: 0.049 | C73: 0.12 | D73: 50 | E73: 48 | F73: 0.478 | G73: 0.497 | H73: 0.024 | I73: 17122409 | J73: 0.369 | K73: Angola-Africa | L73: Africa | M73: 2006
A74: =CONCATENATE(K74,M74) -> Angola-Africa2007 | B74: 0.048 | C74: 0.117 | D74: 51 | E74: 48 | F74: 0.479 | G74: 0.497 | H74: 0.024 | I74: 17712824 | J74: 0.377 | K74: Angola-Africa | L74: Africa | M74: 2007
A75: =CONCATENATE(K75,M75) -> Angola-Africa2008 | B75: 0.048 | C75: 0.115 | D75: 51 | E75: 48 | F75: 0.479 | G75: 0.497 | H75: 0.024 | I75: 18314441 | J75: 0.385 | K75: Angola-Africa | L75: Africa | M75: 2008
A76: =CONCATENATE(K76,M76) -> Angola-Africa2009 | B76: 0.047 | C76: 0.112 | D76: 52 | E76: 49 | F76: 0.479 | G76: 0.497 | H76: 0.024 | I76: 18926650 | J76: 0.393 | K76: Angola-Africa | L76: Africa | M76: 2009
A77: =CONCATENATE(K77,M77) -> Angola-Africa2010 | B77: 0.046 | C77: 0.11 | D77: 52 | E77: 49 | F77: 0.478 | G77: 0.498 | H77: 0.024 | I77: 19549124 | J77: 0.401 | K77: Angola-Africa | L77: Africa | M77: 2010
A78: =CONCATENATE(K78,M78) -> Angola-Africa2011 | B78: 0.046 | C78: 0.107 | D78: 53 | E78: 50 | F78: 0.477 | G78: 0.499 | H78: 0.024 | I78: 20180490 | J78: 0.409 | K78: Angola-Africa | L78: Africa | M78: 2011
A79: =CONCATENATE(K79,M79) -> Angola-Africa2012 | B79: 0.045 | C79: 0.104 | D79: 53 | E79: 50 | F79: 0.476 | G79: 0.5 | H79: 0.024 | I79: 20820525 | J79: 0.417 | K79: Angola-Africa | L79: Africa | M79: 2012
... A261: =CONCATENATE(K261,M261) -> Belize-The Americas2012 | B261: 0.024 | C261: 0.015 | D261: 77 | E261: 71 | F261: 0.344 | G261: 0.617 | H261: 0.039 | I261: 324060 | J261: 0.445 | K261: Belize-The Americas | L261: The Americas | M261: 2012
A262: =CONCATENATE(K262,M262) -> Benin-Africa2000 | B262: 0.043 | C262: 0.09 | D262: 57 | E262: 53 | F262: 0.454 | G262: 0.517 | H262: 0.029 | I262: 6949366 | J262: 0.383 | K262: Benin-Africa | L262: Africa | M262: 2000 | O262: Infant Mortality Rate | P262: =AVERAGE(C260:C2950) -> 0.033422113 | Q262: =MEDIAN(C260:C2950) -> 0.026 | R262: =STDEV(C260:C2950) -> 0.028455091 | S262: replacing missing values with mean
A263: =CONCATENATE(K263,M263) -> Benin-Africa2001 | B263: 0.042 | C263: 0.088 | D263: 57 | E263: 54 | F263: 0.453 | G263: 0.518 | H263: 0.029 | I263: 7174911 | J263: 0.387 | K263: Benin-Africa | L263: Africa | M263: 2001
A264: =CONCATENATE(K264,M264) -> Benin-Africa2002 | B264: 0.042 | C264: 0.085 | D264: 58 | E264: 54 | F264: 0.451 | G264: 0.52 | H264: 0.028 | I264: 7414744 | J264: 0.39 | K264: Benin-Africa | L264: Africa | M264: 2002
A265: =CONCATENATE(K265,M265) -> Benin-Africa2003 | B265: 0.041 | C265: 0.082 | D265: 58 | E265: 55 | F265: 0.449 | G265: 0.522 | H265: 0.028 | I265: 7665681 | J265: 0.393 | K265: Benin-Africa | L265: Africa | M265: 2003
A266: =CONCATENATE(K266,M266) -> Benin-Africa2004 | B266: 0.041 | C266: 0.078 | D266: 58 | E266: 55 | F266: 0.447 | G266: 0.525 | H266: 0.028 | I266: 7922796 | J266: 0.396 | K266: Benin-Africa | L266: Africa | M266: 2004
A267: =CONCATENATE(K267,M267) -> Benin-Africa2005 | B267: 0.04 | C267: 0.075 | D267: 59 | E267: 56 | F267: 0.445 | G267: 0.527 | H267: 0.028 | I267: 8182362 | J267: 0.4 | K267: Benin-Africa | L267: Africa | M267: 2005
A268: =CONCATENATE(K268,M268) -> Benin-Africa2006 | B268: 0.04 | C268: 0.072 | D268: 59 | E268: 56 | F268: 0.443 | G268: 0.529 | H268: 0.028 | I268: 8443671 | J268: 0.403 | K268: Benin-Africa | L268: Africa | M268: 2006
A269: =CONCATENATE(K269,M269) -> Benin-Africa2007 | B269: 0.039 | C269: 0.069 | D269: 59 | E269: 57 | F269: 0.441 | G269: 0.531 | H269: 0.028 | I269: 8707490 | J269: 0.407 | K269: Benin-Africa | L269: Africa | M269: 2007
A270: =CONCATENATE(K270,M270) -> Benin-Africa2008 | B270: 0.039 | C270: 0.066 | D270: 60 | E270: 57 | F270: 0.439 | G270: 0.533 | H270: 0.029 | I270: 8973293 | J270: 0.411 | K270: Benin-Africa | L270: Africa | M270: 2008
A271: =CONCATENATE(K271,M271) -> Benin-Africa2009 | B271: 0.038 | C271: 0.064 | D271: 60 | E271: 57 | F271: 0.436 | G271: 0.535 | H271: 0.029 | I271: 9240783 | J271: 0.415 | K271: Benin-Africa | L271: Africa | M271: 2009
A272: =CONCATENATE(K272,M272) -> Benin-Africa2010 | B272: 0.038 | C272: 0.062 | D272: 60 | E272: 57 | F272: 0.434 | G272: 0.537 | H272: 0.029 | I272: 9509798 | J272: 0.419 | K272: Benin-Africa | L272: Africa | M272: 2010
A273: =CONCATENATE(K273,M273) -> Benin-Africa2011 | B273: 0.037 | C273: 0.06 | D273: 60 | E273: 58 | F273: 0.432 | G273: 0.539 | H273: 0.029 | I273: 9779795 | J273: 0.423 | K273: Benin-Africa | L273: Africa | M273: 2011
A274: =CONCATENATE(K274,M274) -> Benin-Africa2012 | B274: 0.037 | C274: 0.058 | D274: 61 | E274: 58 | F274: 0.43 | G274: 0.542 | H274: 0.029 | I274: 10050702 | J274: 0.427 | K274: Benin-Africa | L274: Africa | M274: 2012
... A326: =CONCATENATE(K326,M326) -> Bosnia and Herzegovina-Europe2012 | B326: 0.009 | C326: 0.006 | D326: 79 | E326: 74 | F326: 0.163 | G326: 0.682 | H326: 0.155 | I326: 3833916 | J326: 0.394 | K326: Bosnia and Herzegovina-Europe | L326: Europe | M326: 2012
A327: =CONCATENATE(K327,M327) -> Botswana-Africa2000 | B327: 0.027 | C327: 0.054 | D327: 52 | E327: 49 | F327: 0.383 | G327: 0.587 | H327: 0.029 | I327: 1755375 | J327: 0.532 | K327: Botswana-Africa | L327: Africa | M327: 2000 | O327: Life Expectancy Female | P327: =AVERAGE(D324:D3014) -> 70.813845 | Q327: =MEDIAN(D324:D3014) -> 74 | R327: =STDEV(D324:D3014) -> 10.678045 | S327: replacing missing values with mean
A328: =CONCATENATE(K328,M328) -> Botswana-Africa2001 | B328: 0.027 | C328: 0.054 | D328: 51 | E328: 48 | F328: 0.377 | G328: 0.593 | H328: 0.03 | I328: 1783349 | J328: 0.541 | K328: Botswana-Africa | L328: Africa | M328: 2001
A329: =CONCATENATE(K329,M329) -> Botswana-Africa2002 | B329: 0.026 | C329: 0.054 | D329: 49 | E329: 48 | F329: 0.372 | G329: 0.598 | H329: 0.03 | I329: 1808976 | J329: 0.544 | K329: Botswana-Africa | L329: Africa | M329: 2002
A330: =CONCATENATE(K330,M330) -> Botswana-Africa2003 | B330: 0.026 | C330: 0.051 | D330: 48 | E330: 47 | F330: 0.367 | G330: 0.602 | H330: 0.031 | I330: 1832602 | J330: 0.546 | K330: Botswana-Africa | L330: Africa | M330: 2003
A331: =CONCATENATE(K331,M331) -> Botswana-Africa2004 | B331: 0.026 | C331: 0.046 | D331: 48 | E331: 47 | F331: 0.362 | G331: 0.607 | H331: 0.032 | I331: 1854739 | J331: 0.548 | K331: Botswana-Africa | L331: Africa | M331: 2004
A332: =CONCATENATE(K332,M332) -> Botswana-Africa2005 | B332: 0.025 | C332: 0.043 | D332: 47 | E332: 46 | F332: 0.358 | G332: 0.61 | H332: 0.032 | I332: 1875805 | J332: 0.551 | K332: Botswana-Africa | L332: Africa | M332: 2005
A333: =CONCATENATE(K333,M333) -> Botswana-Africa2006 | B333: 0.025 | C333: 0.043 | D333: 47 | E333: 46 | F333: 0.354 | G333: 0.613 | H333: 0.033 | I333: 1895944 | J333: 0.553 | K333: Botswana-Africa | L333: Africa | M333: 2006
A334: =CONCATENATE(K334,M334) -> Botswana-Africa2007 | B334: 0.025 | C334: 0.043 | D334: 46 | E334: 46 | F334: 0.351 | G334: 0.616 | H334: 0.033 | I334: 1915187 | J334: 0.555 | K334: Botswana-Africa | L334: Africa | M334: 2007
A335: =CONCATENATE(K335,M335) -> Botswana-Africa2008 | B335: 0.025 | C335: 0.043 | D335: 46 | E335: 46 | F335: 0.348 | G335: 0.618 | H335: 0.034 | I335: 1933719 | J335: 0.558 | K335: Botswana-Africa | L335: Africa | M335: 2008
A336: =CONCATENATE(K336,M336) -> Botswana-Africa2009 | B336: 0.025 | C336: 0.041 | D336: 46 | E336: 47 | F336: 0.345 | G336: 0.621 | H336: 0.034 | I336: 1951715 | J336: 0.56 | K336: Botswana-Africa | L336: Africa | M336: 2009
A337: =CONCATENATE(K337,M337) -> Botswana-Africa2010 | B337: 0.024 | C337: 0.04 | D337: 46 | E337: 47 | F337: 0.343 | G337: 0.623 | H337: 0.035 | I337: 1969341 | J337: 0.562 | K337: Botswana-Africa | L337: Africa | M337: 2010
A338: =CONCATENATE(K338,M338) -> Botswana-Africa2011 | B338: 0.024 | C338: 0.039 | D338: 46 | E338: 47 | F338: 0.34 | G338: 0.625 | H338: 0.035 | I338: 1986701 | J338: 0.565 | K338: Botswana-Africa | L338: Africa | M338: 2011
A339: =CONCATENATE(K339,M339) -> Botswana-Africa2012 | B339: 0.024 | C339: 0.037 | D339: 46 | E339: 48 | F339: 0.338 | G339: 0.627 | H339: 0.036 | I339: 2003910 | J339: 0.567 | K339: Botswana-Africa | L339: Africa | M339: 2012
... A378: =CONCATENATE(K378,M378) -> Bulgaria-Europe2012 | B378: 0.01 | C378: 0.011 | D378: 78 | E378: 71 | F378: 0.135 | G378: 0.675 | H378: 0.189 | I378: 7305888 | J378: 0.73 | K378: Bulgaria-Europe | L378: Europe | M378: 2012
A379: =CONCATENATE(K379,M379) -> Burkina Faso-Africa2000 | B379: 0.046 | C379: 0.096 | D379: 52 | E379: 49 | F379: 0.468 | G379: 0.505 | H379: 0.028 | I379: 11607944 | J379: 0.178 | K379: Burkina Faso-Africa | L379: Africa | M379: 2000 | O379: Life Expectancy Male | P379: =AVERAGE(E375:E3065) -> 66.143658 | Q379: =MEDIAN(E375:E3065) -> 68 | R379: =STDEV(E375:E3065) -> 9.3102002 | S379: replacing missing values with mean
A380: =CONCATENATE(K380,M380) -> Burkina Faso-Africa2001 | B380: 0.046 | C380: 0.095 | D380: 52 | E380: 50 | F380: 0.467 | G380: 0.506 | H380: 0.027 | I380: 11946080 | J380: 0.185 | K380: Burkina Faso-Africa | L380: Africa | M380: 2001
A381: =CONCATENATE(K381,M381) -> Burkina Faso-Africa2002 | B381: 0.046 | C381: 0.094 | D381: 52 | E381: 50 | F381: 0.467 | G381: 0.507 | H381: 0.027 | I381: 12296399 | J381: 0.193 | K381: Burkina Faso-Africa | L381: Africa | M381: 2002
A382: =CONCATENATE(K382,M382) -> Burkina Faso-Africa2003 | B382: 0.045 | C382: 0.091 | D382: 53 | E382: 51 | F382: 0.466 | G382: 0.508 | H382: 0.026 | I382: 12659086 | J382: 0.2 | K382: Burkina Faso-Africa | L382: Africa | M382: 2003
A383: =CONCATENATE(K383,M383) -> Burkina Faso-Africa2004 | B383: 0.045 | C383: 0.089 | D383: 53 | E383: 51 | F383: 0.466 | G383: 0.508 | H383: 0.026 | I383: 13034258 | J383: 0.208 | K383: Burkina Faso-Africa | L383: Africa | M383: 2004
A384: =CONCATENATE(K384,M384) -> Burkina Faso-Africa2005 | B384: 0.045 | C384: 0.086 | D384: 53 | E384: 52 | F384: 0.465 | G384: 0.509 | H384: 0.026 | I384: 13421929 | J384: 0.215 | K384: Burkina Faso-Africa | L384: Africa | M384: 2005
A385: =CONCATENATE(K385,M385) -> Burkina Faso-Africa2006 | B385: 0.044 | C385: 0.083 | D385: 54 | E385: 52 | F385: 0.464 | G385: 0.51 | H385: 0.025 | I385: 13822257 | J385: 0.223 | K385: Burkina Faso-Africa | L385: Africa | M385: 2006
A386: =CONCATENATE(K386,M386) -> Burkina Faso-Africa2007 | B386: 0.044 | C386: 0.079 | D386: 54 | E386: 53 | F386: 0.463 | G386: 0.511 | H386: 0.025 | I386: 14235075 | J386: 0.232 | K386: Burkina Faso-Africa | L386: Africa | M386: 2007
A387: =CONCATENATE(K387,M387) -> Burkina Faso-Africa2008 | B387: 0.044 | C387: 0.076 | D387: 55 | E387: 54 | F387: 0.462 | G387: 0.512 | H387: 0.025 | I387: 14659646 | J387: 0.24 | K387: Burkina Faso-Africa | L387: Africa | M387: 2008
A388: =CONCATENATE(K388,M388) -> Burkina Faso-Africa2009 | B388: 0.043 | C388: 0.073 | D388: 55 | E388: 54 | F388: 0.461 | G388: 0.514 | H388: 0.025 | I388: 15094967 | J388: 0.248 | K388: Burkina Faso-Africa | L388: Africa | M388: 2009
A389: =CONCATENATE(K389,M389) -> Burkina Faso-Africa2010 | B389: 0.043 | C389: 0.07 | D389: 56 | E389: 54 | F389: 0.46 | G389: 0.515 | H389: 0.025 | I389: 15540284 | J389: 0.257 | K389: Burkina Faso-Africa | L389: Africa | M389: 2010
A390: =CONCATENATE(K390,M390) -> Burkina Faso-Africa2011 | B390: 0.042 | C390: 0.068 | D390: 56 | E390: 55 | F390: 0.458 | G390: 0.517 | H390: 0.025 | I390: 15995313 | J390: 0.265 | K390: Burkina Faso-Africa | L390: Africa | M390: 2011
A391: =CONCATENATE(K391,M391) -> Burkina Faso-Africa2012 | B391: 0.041 | C391: 0.066 | D391: 56 | E391: 55 | F391: 0.457 | G391: 0.519 | H391: 0.024 | I391: 16460141 | J391: 0.273 | K391: Burkina Faso-Africa | L391: Africa | M391: 2012
A392: =CONCATENATE(K392,M392) -> Burundi-Africa2000 | B392: 0.042 | C392: 0.092 | D392: 49 | E392: 47 | F392: 0.49 | G392: 0.481 | H392: 0.029 | I392: 6674286 | J392: 0.082 | K392: Burundi-Africa | L392: Africa | M392: 2000 | O392: Population 0-14 | P392: =AVERAGE(F387:F3077) -> 0.28510377 | Q392: =MEDIAN(F387:F3077) -> 0.295 | R392: =STDEV(F387:F3077) -> 0.12714637 | S392: replacing missing values with mean
A393: =CONCATENATE(K393,M393) -> Burundi-Africa2001 | B393: 0.042 | C393: 0.089 | D393: 50 | E393: 47 | F393: 0.484 | G393: 0.487 | H393: 0.029 | I393: 6839376 | J393: 0.085 | K393: Burundi-Africa | L393: Africa | M393: 2001
A394: =CONCATENATE(K394,M394) -> Burundi-Africa2002 | B394: 0.043 | C394: 0.086 | D394: 50 | E394: 48 | F394: 0.476 | G394: 0.495 | H394: 0.028 | I394: 7037727 | J394: 0.087 | K394: Burundi-Africa | L394: Africa | M394: 2002
A395: =CONCATENATE(K395,M395) -> Burundi-Africa2003 | B395: 0.043 | C395: 0.082 | D395: 50 | E395: 48 | F395: 0.468 | G395: 0.504 | H395: 0.028 | I395: 7264340 | J395: 0.089 | K395: Burundi-Africa | L395: Africa | M395: 2003
A396: =CONCATENATE(K396,M396) -> Burundi-Africa2004 | B396: 0.043 | C396: 0.079 | D396: 51 | E396: 48 | F396: 0.461 | G396: 0.512 | H396: 0.028 | I396: 7510771 | J396: 0.091 | K396: Burundi-Africa | L396: Africa | M396: 2004
A397: =CONCATENATE(K397,M397) -> Burundi-Africa2005 | B397: 0.044 | C397: 0.075 | D397: 51 | E397: 49 | F397: 0.454 | G397: 0.519 | H397: 0.027 | I397: 7770392 | J397: 0.094 | K397: Burundi-Africa | L397: Africa | M397: 2005
A398: =CONCATENATE(K398,M398) -> Burundi-Africa2006 | B398: 0.044 | C398: 0.072 | D398: 52 | E398: 49 | F398: 0.449 | G398: 0.524 | H398: 0.027 | I398: 8042579 | J398: 0.096 | K398: Burundi-Africa | L398: Africa | M398: 2006
A399: =CONCATENATE(K399,M399) -> Burundi-Africa2007 | B399: 0.044 | C399: 0.069 | D399: 53 | E399: 50 | F399: 0.445 | G399: 0.529 | H399: 0.026 | I399: 8328312 | J399: 0.099 | K399: Burundi-Africa | L399: Africa | M399: 2007
A400: =CONCATENATE(K400,M400) -> Burundi-Africa2008 | B400: 0.045 | C400: 0.066 | D400: 53 | E400: 50 | F400: 0.442 | G400: 0.532 | H400: 0.026 | I400: 8624280 | J400: 0.101 | K400: Burundi-Africa | L400: Africa | M400: 2008
A401: =CONCATENATE(K401,M401) -> Burundi-Africa2009 | B401: 0.045 | C401: 0.063 | D401: 54 | E401: 51 | F401: 0.44 | G401: 0.535 | H401: 0.026 | I401: 8926687 | J401: 0.104 | K401: Burundi-Africa | L401: Africa | M401: 2009
A402: =CONCATENATE(K402,M402) -> Burundi-Africa2010 | B402: 0.045 | C402: 0.061 | D402: 54 | E402: 51 | F402: 0.439 | G402: 0.535 | H402: 0.025 | I402: 9232753 | J402: 0.106 | K402: Burundi-Africa | L402: Africa | M402: 2010
A403: =CONCATENATE(K403,M403) -> Burundi-Africa2011 | B403: 0.045 | C403: 0.059 | D403: 55 | E403: 51 | F403: 0.44 | G403: 0.535 | H403: 0.025 | I403: 9540362 | J403: 0.109 | K403: Burundi-Africa | L403: Africa | M403: 2011
A404: =CONCATENATE(K404,M404) -> Burundi-Africa2012 | B404: 0.045 | C404: 0.057 | D404: 56 | E404: 52 | F404: 0.442 | G404: 0.534 | H404: 0.024 | I404: 9849569 | J404: 0.112 | K404: Burundi-Africa | L404: Africa | M404: 2012
... A417: =CONCATENATE(K417,M417) -> Cambodia-Asia2012 | B417: 0.026 | C417: 0.034 | D417: 74 | E417: 69 | F417: 0.312 | G417: 0.635 | H417: 0.053 | I417: 14864646 | J417: 0.201 | K417: Cambodia-Asia | L417: Asia | M417: 2012
A418: =CONCATENATE(K418,M418) -> Cameroon-Africa2000 | B418: 0.041 | C418: 0.093 | D418: 53 | E418: 51 | F418: 0.453 | G418: 0.513 | H418: 0.034 | I418: 15927713 | J418: 0.455 | K418: Cameroon-Africa | L418: Africa | M418: 2000 | O418: Population 15-64 | P418: =AVERAGE(G412:G3102) -> 0.62182157 | Q418: =MEDIAN(G412:G3102) -> 0.626 | R418: =STDEV(G412:G3102) -> 0.067042911 | S418: replacing missing values with mean
A419: =CONCATENATE(K419,M419) -> Cameroon-Africa2001 | B419: 0.041 | C419: 0.09 | D419: 53 | E419: 51 | F419: 0.451 | G419: 0.515 | H419: 0.034 | I419: 16350440 | J419: 0.461 | K419: Cameroon-Africa | L419: Africa | M419: 2001
A420: =CONCATENATE(K420,M420) -> Cameroon-Africa2002 | B420: 0.041 | C420: 0.087 | D420: 53 | E420: 51 | F420: 0.449 | G420: 0.518 | H420: 0.034 | I420: 16782044 | J420: 0.467 | K420: Cameroon-Africa | L420: Africa | M420: 2002
...

Sheet TOURISM
A1: ID | B1: Region | C1: Tourism Inbound | D1: Country/Region | E1: YEAR | F1: Tourism Outbound
A2: =CONCAT(D2,E2) -> Afghanistan-Asia2000 | B2: Asia | C2: 680000000 | D2: Afghanistan-Asia | E2: 2000 | F2: 448000000
A3: =CONCAT(D3,E3) -> Afghanistan-Asia2001 | B3: Asia | C3: 680000000 | D3: Afghanistan-Asia | E3: 2001 | F3: 448000000
A4: =CONCAT(D4,E4) -> Afghanistan-Asia2002 | B4: Asia | C4: 680000000 | D4: Afghanistan-Asia | E4: 2002 | F4: 448000000
A5: =CONCAT(D5,E5) -> Afghanistan-Asia2003 | B5: Asia | C5: 680000000 | D5: Afghanistan-Asia | E5: 2003 | F5: 448000000
A6: =CONCAT(D6,E6) -> Afghanistan-Asia2004 | B6: Asia | C6: 680000000 | D6: Afghanistan-Asia | E6: 2004 | F6: 448000000
A7: =CONCAT(D7,E7) -> Afghanistan-Asia2005 | B7: Asia | C7: 680000000 | D7: Afghanistan-Asia | E7: 2005 | F7: 448000000
A8: =CONCAT(D8,E8) -> Afghanistan-Asia2006 | B8: Asia | C8: 680000000 | D8: Afghanistan-Asia | E8: 2006 | F8: 448000000
A9: =CONCAT(D9,E9) -> Afghanistan-Asia2007 | B9: Asia | C9: 680000000 | D9: Afghanistan-Asia | E9: 2007 | F9: 448000000
A10: =CONCAT(D10,E10) -> Afghanistan-Asia2008 | B10: Asia | C10: 43000000 | D10: Afghanistan-Asia | E10: 2008 | F10: 58000000
A11: =CONCAT(D11,E11) -> Afghanistan-Asia2009 | B11: Asia | C11: 96000000 | D11: Afghanistan-Asia | E11: 2009 | F11: 61000000
A12: =CONCAT(D12,E12) -> Afghanistan-Asia2010 | B12: Asia | C12: 138000000 | D12: Afghanistan-Asia | E12: 2010 | F12: 86000000
A13: =CONCAT(D13,E13) -> Afghanistan-Asia2011 | B13: Asia | C13: 137000000 | D13: Afghanistan-Asia | E13: 2011 | F13: 127000000
... A27: =CONCAT(D27,E27) -> Albania-Europe2012 | B27: Europe | C27: 1623000000 | D27: Albania-Europe | E27: 2012 | F27: 1374000000
A28: =CONCAT(D28,E28) -> Algeria-Africa2000 | B28: Africa | C28: 102000000 | D28: Algeria-Africa | E28: 2000 | F28: 193000000 | I28: Average | J28: median | K28: S.D
A29: =CONCAT(D29,E29) -> Algeria-Africa2001 | B29: Africa | C29: 100000000 | D29: Algeria-Africa | E29: 2001 | F29: 194000000
A30: =CONCAT(D30,E30) -> Algeria-Africa2002 | B30: Africa | C30: 111000000 | D30: Algeria-Africa | E30: 2002 | F30: 248000000
A31: =CONCAT(D31,E31) -> Algeria-Africa2003 | B31: Africa | C31: 112000000 | D31: Algeria-Africa | E31: 2003 | F31: 255000000
A32: =CONCAT(D32,E32) -> Algeria-Africa2004 | B32: Africa | C32: 178000000 | D32: Algeria-Africa | E32: 2004 | F32: 341000000
A33: =CONCAT(D33,E33) -> Algeria-Africa2005 | B33: Africa | C33: 477000000 | D33: Algeria-Africa | E33: 2005 | F33: 660000000
A34: =CONCAT(D34,E34) -> Algeria-Africa2006 | B34: Africa | C34: 393000000 | D34: Algeria-Africa | E34: 2006 | F34: 414000000
A35: =CONCAT(D35,E35) -> Algeria-Africa2007 | B35: Africa | C35: 332000000 | D35: Algeria-Africa | E35: 2007 | F35: 504000000
A36: =CONCAT(D36,E36) -> Algeria-Africa2008 | B36: Africa | C36: 474000000 | D36: Algeria-Africa | E36: 2008 | F36: 617000000
A37: =CONCAT(D37,E37) -> Algeria-Africa2009 | B37: Africa | C37: 381000000 | D37: Algeria-Africa | E37: 2009 | F37: 574000000
A38: =CONCAT(D38,E38) -> Algeria-Africa2010 | B38: Africa | C38: 323000000 | D38: Algeria-Africa | E38: 2010 | F38: 737000000
A39: =CONCAT(D39,E39) -> Algeria-Africa2011 | B39: Africa | C39: 300000000 | D39: Algeria-Africa | E39: 2011 | F39: 571000000
A40: =CONCAT(D40,E40) -> Algeria-Africa2012 | B40: Africa | C40: 295000000 | D40: Algeria-Africa | E40: 2012 | F40: 559000000
... A66: =CONCAT(D66,E66) -> Andorra-Europe2012 | B66: Europe | C66: 680000000 | D66: Andorra-Europe | E66: 2012 | F66: 448000000
A67: =CONCAT(D67,E67) -> Angola-Africa2000 | B67: Africa | C67: 34000000 | D67: Angola-Africa | E67: 2000 | F67: 146000000 | H67: Tourism Inbound | I67: =AVERAGE(C66:C2756) -> 4466378416 | J67: =MEDIAN(C66:C2756) -> 680000000 | K67: =STDEV(C66:C2756) -> 13137036424 | L67: S.D>mean replace missing values with median
A68: =CONCAT(D68,E68) -> Angola-Africa2001 | B68: Africa | C68: 35000000 | D68: Angola-Africa | E68: 2001 | F68: 80000000
A69: =CONCAT(D69,E69) -> Angola-Africa2002 | B69: Africa | C69: 51000000 | D69: Angola-Africa | E69: 2002 | F69: 52000000
A70: =CONCAT(D70,E70) -> Angola-Africa2003 | B70: Africa | C70: 63000000 | D70: Angola-Africa | E70: 2003 | F70: 49000000
A71: =CONCAT(D71,E71) -> Angola-Africa2004 | B71: Africa | C71: 82000000 | D71: Angola-Africa | E71: 2004 | F71: 86000000
A72: =CONCAT(D72,E72) -> Angola-Africa2005 | B72: Africa | C72: 103000000 | D72: Angola-Africa | E72: 2005 | F72: 135000000
A73: =CONCAT(D73,E73) -> Angola-Africa2006 | B73: Africa | C73: 91000000 | D73: Angola-Africa | E73: 2006 | F73: 393000000
A74: =CONCAT(D74,E74) -> Angola-Africa2007 | B74: Africa | C74: 236000000 | D74: Angola-Africa | E74: 2007 | F74: 473000000
A75: =CONCAT(D75,E75) -> Angola-Africa2008 | B75: Africa | C75: 293000000 | D75: Angola-Africa | E75: 2008 | F75: 447000000
A76: =CONCAT(D76,E76) -> Angola-Africa2009 | B76: Africa | C76: 554000000 | D76: Angola-Africa | E76: 2009 | F76: 270000000
A77: =CONCAT(D77,E77) -> Angola-Africa2010 | B77: Africa | C77: 726000000 | D77: Angola-Africa | E77: 2010 | F77: 275000000
A78: =CONCAT(D78,E78) -> Angola-Africa2011 | B78: Africa | C78: 653000000 | D78: Angola-Africa | E78: 2011 | F78: 323000000
A79: =CONCAT(D79,E79) -> Angola-Africa2012 | B79: Africa | C79: 711000000 | D79: Angola-Africa | E79: 2012 | F79: 292000000
... A261: =CONCAT(D261,E261) -> Belize-The Americas2012 | B261: The Americas | C261: 299000000 | D261: Belize-The Americas | E261: 2012 | F261: 40000000
A262: =CONCAT(D262,E262) -> Benin-Africa2000 | B262: Africa | C262: 77000000 | D262: Benin-Africa | E262: 2000 | F262: 50000000 | H262: Tourism Outbound | I262: =AVERAGE(F260:F2950) -> 3614034484 | J262: =MEDIAN(F260:F2950) -> 448000000 | K262: =STDEV(F260:F2950) -> 10436444923 | L262: S.D>mean replace missing values with median
A263: =CONCAT(D263,E263) -> Benin-Africa2001 | B263: Africa | C263: 86000000 | D263: Benin-Africa | E263: 2001 | F263: 48000000
A264: =CONCAT(D264,E264) -> Benin-Africa2002 | B264: Africa | C264: 95000000 | D264: Benin-Africa | E264: 2002 | F264: 49000000
A265: =CONCAT(D265,E265) -> Benin-Africa2003 | B265: Africa | C265: 108000000 | D265: Benin-Africa | E265: 2003 | F265: 53000000
A266: =CONCAT(D266,E266) -> Benin-Africa2004 | B266: Africa | C266: 121000000 | D266: Benin-Africa | E266: 2004 | F266: 59000000
A267: =CONCAT(D267,E267) -> Benin-Africa2005 | B267: Africa | C267: 108000000 | D267: Benin-Africa | E267: 2005 | F267: 58000000
A268: =CONCAT(D268,E268) -> Benin-Africa2006 | B268: Africa | C268: 122000000 | D268: Benin-Africa | E268: 2006 | F268: 71000000
A269: =CONCAT(D269,E269) -> Benin-Africa2007 | B269: Africa | C269: 206000000 | D269: Benin-Africa | E269: 2007 | F269: 107000000
A270: =CONCAT(D270,E270) -> Benin-Africa2008 | B270: Africa | C270: 236000000 | D270: Benin-Africa | E270: 2008 | F270: 102000000
A271: =CONCAT(D271,E271) -> Benin-Africa2009 | B271: Africa | C271: 131000000 | D271: Benin-Africa | E271: 2009 | F271: 88000000
A272: =CONCAT(D272,E272) -> Benin-Africa2010 | B272: Africa | C272: 149000000 | D272: Benin-Africa | E272: 2010 | F272: 91000000
A273: =CONCAT(D273,E273) -> Benin-Africa2011 | B273: Africa | C273: 188000000 | D273: Benin-Africa | E273: 2011 | F273: 448000000
A274: =CONCAT(D274,E274) -> Benin-Africa2012 | B274: Africa | C274: 192000000 | D274: Benin-Africa | E274: 2012 | F274: 448000000
... A2692: =CONCAT(D2692,E2692) -> Zimbabwe-Africa2012 | B2692: Africa | C2692: 749000000 | D2692: Zimbabwe-Africa | E2692: 2012 | F2692: 448000000

Sheet BUSINESS
A1: ID | B1: Country/Region | C1: Region | D1: Business Tax Rate | E1: Days to Start Business | F1: Ease of Business | G1: Hours to do Tax | H1: Internet Usage | I1: Mobile Phone Usage | J1: YEAR
A2: =CONCAT(B2,J2) -> Afghanistan-Asia2000 | B2: Afghanistan-Asia | C2: Asia | D2: 0.489 | E2: 26 | F2: 94 | G2: 302 | H2: 0.129 | I2: 0.58 | J2: 2000
A3: =CONCAT(B3,J3) -> Afghanistan-Asia2001 | B3: Afghanistan-Asia | C3: Asia | D3: 0.489 | E3: 26 | F3: 94 | G3: 302 | H3: 0 | I3: 0.58 | J3: 2001
A4: =CONCAT(B4,J4) -> Afghanistan-Asia2002 | B4: Afghanistan-Asia | C4: Asia | D4: 0.489 | E4: 26 | F4: 94 | G4: 302 | H4: 0 | I4: 0.001 | J4: 2002
A5: =CONCAT(B5,J5) -> Afghanistan-Asia2003 | B5: Afghanistan-Asia | C5: Asia | D5: 0.489 | E5: 26 | F5: 94 | G5: 302 | H5: 0.001 | I5: 0.009 | J5: 2003
A6: =CONCAT(B6,J6) -> Afghanistan-Asia2004 | B6: Afghanistan-Asia | C6: Asia | D6: 0.489 | E6: 9 | F6: 94 | G6: 302 | H6: 0.001 | I6: 0.025 | J6: 2004
A7: =CONCAT(B7,J7) -> Afghanistan-Asia2005 | B7: Afghanistan-Asia | C7: Asia | D7: 0.363 | E7: 9 | F7: 94 | G7: 275 | H7: 0.012 | I7: 0.048 | J7: 2005
A8: =CONCAT(B8,J8) -> Afghanistan-Asia2006 | B8: Afghanistan-Asia | C8: Asia | D8: 0.363 | E8: 9 | F8: 94 | G8: 275 | H8: 0.021 | I8: 0.098 | J8: 2006
A9: =CONCAT(B9,J9) -> Afghanistan-Asia2007 | B9: Afghanistan-Asia | C9: Asia | D9: 0.363 | E9: 9 | F9: 94 | G9: 275 | H9: 0.019 | I9: 0.177 | J9: 2007
A10: =CONCAT(B10,J10) -> Afghanistan-Asia2008 | B10: Afghanistan-Asia | C10: Asia | D10: 0.363 | E10: 9 | F10: 94 | G10: 275 | H10: 0.018 | I10: 0.292 | J10: 2008
A11: =CONCAT(B11,J11) -> Afghanistan-Asia2009 | B11: Afghanistan-Asia | C11: Asia | D11: 0.363 | E11: 7 | F11: 94 | G11: 275 | H11: 0.036 | I11: 0.379 | J11: 2009
A12: =CONCAT(B12,J12) -> Afghanistan-Asia2010 | B12: Afghanistan-Asia | C12: Asia | D12: 0.363 | E12: 7 | F12: 94 | G12: 275 | H12: 0.04 | I12: 0.458 | J12: 2010
A13: =CONCAT(B13,J13) -> Afghanistan-Asia2011 | B13: Afghanistan-Asia | C13: Asia | D13: 0.363 | E13: 7 | F13: 94 | G13: 275 | H13: 0.05 | I13: 0.603 | J13: 2011
... A417: =CONCAT(B417,J417) -> Cambodia-Asia2012 | B417: Cambodia-Asia | C417: Asia | D417: 0.214 | E417: 102 | F417: 135 | G417: 173 | H417: 0.049 | I417: 1.285 | J417: 2012
A418: =CONCAT(B418,J418) -> Cameroon-Africa2000 | B418: Cameroon-Africa | C418: Africa | D418: 0.489 | E418: 26 | F418: 94 | G418: 302 | H418: 0.003 | I418: 0.006 | J418: 2000 | M418: Average | N418: Median | O418: S.D
A419: =CONCAT(B419,J419) -> Cameroon-Africa2001 | B419: Cameroon-Africa | C419: Africa | D419: 0.489 | E419: 26 | F419: 94 | G419: 302 | H419: 0.003 | I419: 0.026 | J419: 2001
A420: =CONCAT(B420,J420) -> Cameroon-Africa2002 | B420: Cameroon-Africa | C420: Africa | D420: 0.489 | E420: 26 | F420: 94 | G420: 302 | H420: 0.004 | I420: 0.042 | J420: 2002
A421: =CONCAT(B421,J421) -> Cameroon-Africa2003 | B421: Cameroon-Africa | C421: Africa | D421: 0.489 | E421: 45 | F421: 94 | G421: 302 | H421: 0.006 | I421: 0.063 | J421: 2003
A422: =CONCAT(B422,J422) -> Cameroon-Africa2004 | B422: Cameroon-Africa | C422: Africa | D422: 0.489 | E422: 45 | F422: 94 | G422: 302 | H422: 0.01 | I422: 0.087 | J422: 2004
A423: =CONCAT(B423,J423) -> Cameroon-Africa2005 | B423: Cameroon-Africa | C423: Africa | D423: 0.506 | E423: 45 | F423: 94 | G423: 654 | H423: 0.014 | I423: 0.124 | J423: 2005
A424: =CONCAT(B424,J424) -> Cameroon-Africa2006 | B424: Cameroon-Africa | C424: Africa | D424: 0.508 | E424: 45 | F424: 94 | G424: 654 | H424: 0.02 | I424: 0.168 | J424: 2006
A425: =CONCAT(B425,J425) -> Cameroon-Africa2007 | B425: Cameroon-Africa | C425: Africa | D425: 0.508 | E425: 38 | F425: 94 | G425: 654 | H425: 0.029 | I425: 0.238 | J425: 2007
A426: =CONCAT(B426,J426) -> Cameroon-Africa2008 | B426: Cameroon-Africa | C426: Africa | D426: 0.504 | E426: 38 | F426: 94 | G426: 654 | H426: 0.034 | I426: 0.314 | J426: 2008
A427: =CONCAT(B427,J427) -> Cameroon-Africa2009 | B427: Cameroon-Africa | C427: Africa | D427: 0.488 | E427: 35 | F427: 94 | G427: 654 | H427: 0.038 | I427: 0.398 | J427: 2009
A428: =CONCAT(B428,J428) -> Cameroon-Africa2010 | B428: Cameroon-Africa | C428: Africa | D428: 0.488 | E428: 19 | F428: 94 | G428: 654 | H428: 0.043 | I428: 0.419 | J428: 2010
A429: =CONCAT(B429,J429) -> Cameroon-Africa2011 | B429: Cameroon-Africa | C429: Africa | D429: 0.488 | E429: 15 | F429: 94 | G429: 654 | H429: 0.05 | I429: 0.496 | J429: 2011
A430: =CONCAT(B430,J430) -> Cameroon-Africa2012 | B430: Cameroon-Africa | C430: Africa | D430: 0.488 | E430: 15 | F430: 162 | G430: 654 | H430: 0.057 | I430: 0.604 | J430: 2012
... A456: =CONCAT(B456,J456) -> Cayman Islands-The Americas2012 | B456: Cayman Islands-The Americas | C456: The Americas | D456: 0.489 | E456: 26 | F456: 94 | G456: 302 | H456: 0.741 | I456: 1.717 | J456: 2012
A457: =CONCAT(B457,J457) -> Central African Republic-Africa2000 | B457: Central African Republic-Africa | C457: Africa | D457: 0.489 | E457: 26 | F457: 94 | G457: 302 | H457: 0.001 | I457: 0.001 | J457: 2000 | L457: Business Tax Rate | M457: =AVERAGE(D455:D3145) -> 0.483937 | N457: =MEDIAN(D455:D3145) -> 0.489 | O457: =STDEV(D455:D3145) -> 0.29825647 | P457: S.D<mean i.e replace missing values with mean
A458: =CONCAT(B458,J458) -> Central African Republic-Africa2001 | B458: Central African Republic-Africa | C458: Africa | D458: 0.489 | E458: 26 | F458: 94 | G458: 302 | H458: 0.001 | I458: 0.003 | J458: 2001
A459: =CONCAT(B459,J459) -> Central African Republic-Africa2002 | B459: Central African Republic-Africa | C459: Africa | D459: 0.489 | E459: 26 | F459: 94 | G459: 302 | H459: 0.001 | I459: 0.003 | J459: 2002
A460: =CONCAT(B460,J460) -> Central African Republic-Africa2003 | B460: Central African Republic-Africa | C460: Africa | D460: 0.489 | E460: 22 | F460: 94 | G460: 302 | H460: 0.002 | I460: 0.01 | J460: 2003
A461: =CONCAT(B461,J461) -> Central African Republic-Africa2004 | B461: Central African Republic-Africa | C461: Africa | D461: 0.489 | E461: 22 | F461: 94 | G461: 302 | H461: 0.002 | I461: 0.015 | J461: 2004
A462: =CONCAT(B462,J462) -> Central African Republic-Africa2005 | B462: Central African Republic-Africa | C462: Africa | D462: 0.657 | E462: 22 | F462: 94 | G462: 504 | H462: 0.003 | I462: 0.025 | J462: 2005
A463: =CONCAT(B463,J463) -> Central African Republic-Africa2006 | B463: Central African Republic-Africa | C463: Africa | D463: 2.038 | E463: 22 | F463: 94 | G463: 504 | H463: 0.003 | I463: 0.027 | J463: 2006
A464: =CONCAT(B464,J464) -> Central African Republic-Africa2007 | B464: Central African Republic-Africa | C464: Africa | D464: 2.038 | E464: 22 | F464: 94 | G464: 504 | H464: 0.004 | I464: 0.083 | J464: 2007
A465: =CONCAT(B465,J465) -> Central African Republic-Africa2008 | B465: Central African Republic-Africa | C465: Africa | D465: 2.038 | E465: 22 | F465: 94 | G465: 504 | H465: 0.01 | I465: 0.136 | J465: 2008
A466: =CONCAT(B466,J466) -> Central African Republic-Africa2009 | B466: Central African Republic-Africa | C466: Africa | D466: 2.038 | E466: 23 | F466: 94 | G466: 504 | H466: 0.018 | I466: 0.202 | J466: 2009
A467: =CONCAT(B467,J467) -> Central African Republic-Africa2010 | B467: Central African Republic-Africa | C467: Africa | D467: 2.038 | E467: 23 | F467: 94 | G467: 504 | H467: 0.02 | I467: 0.225 | J467: 2010
A468: =CONCAT(B468,J468) -> Central African Republic-Africa2011 | B468: Central African Republic-Africa | C468: Africa | D468: 0.546 | E468: 22 | F468: 94 | G468: 504 | H468: 0.022 | I468: 0.224 | J468: 2011
A469: =CONCAT(B469,J469) -> Central African Republic-Africa2012 | B469: Central African Republic-Africa | C469: Africa | D469: 0.674 | E469: 22 | F469: 187 | G469: 483 | H469: 0.03 | I469: 0.253 | J469: 2012
A470: =CONCAT(B470,J470) -> Chad-Africa2000 | B470: Chad-Africa | C470: Africa | D470: 0.489 | E470: 26 | F470: 94 | G470: 302 | H470: 0 | I470: 0.001 | J470: 2000 | L470: Days to Start Business | M470: =AVERAGE(E467:E3157) -> 34.898922 | N470: =MEDIAN(E467:E3157) -> 26 | O470: =STDEV(E467:E3157) -> 49.165569 | P470: S.D>mean i.e replace missing values with median
A471: =CONCAT(B471,J471) -> Chad-Africa2001 | B471: Chad-Africa | C471: Africa | D471: 0.489 | E471: 26 | F471: 94 | G471: 302 | H471: 0 | I471: 0.003 | J471: 2001
A472: =CONCAT(B472,J472) -> Chad-Africa2002 | B472: Chad-Africa | C472: Africa | D472: 0.489 | E472: 26 | F472: 94 | G472: 302 | H472: 0.002 | I472: 0.004 | J472: 2002
A473: =CONCAT(B473,J473) -> Chad-Africa2003 | B473: Chad-Africa | C473: Africa | D473: 0.489 | E473: 64 | F473: 94 | G473: 302 | H473: 0.003 | I473: 0.007 | J473: 2003
A474: =CONCAT(B474,J474) -> Chad-Africa2004 | B474: Chad-Africa | C474: Africa | D474: 0.489 | E474: 64 | F474: 94 | G474: 302 | H474: 0.004 | I474: 0.013 | J474: 2004
A475: =CONCAT(B475,J475) -> Chad-Africa2005 | B475: Chad-Africa | C475: Africa | D475: 0.74 | E475: 64 | F475: 94 | G475: 732 | H475: 0.004 | I475: 0.021 | J475: 2005
A476: =CONCAT(B476,J476) -> Chad-Africa2006 | B476: Chad-Africa | C476: Africa | D476: 0.74 | E476: 64 | F476: 94 | G476: 732 | H476: 0.006 | I476: 0.045 | J476: 2006
A477: =CONCAT(B477,J477) -> Chad-Africa2007 | B477: Chad-Africa | C477: Africa | D477: 0.74 | E477: 64 | F477: 94 | G477: 732 | H477: 0.008 | I477: 0.086 | J477: 2007
A478: =CONCAT(B478,J478) -> Chad-Africa2008 | B478: Chad-Africa | C478: Africa | D478: 0.713 | E478: 64 | F478: 94 | G478: 732 | H478: 0.012 | I478: 0.145 | J478: 2008
A479: =CONCAT(B479,J479) -> Chad-Africa2009 | B479: Chad-Africa | C479: Africa | D479: 0.713 | E479: 64 | F479: 94 | G479: 732 | H479: 0.015 | I479: 0.201 | J479: 2009
A480: =CONCAT(B480,J480) -> Chad-Africa2010 | B480: Chad-Africa | C480: Africa | D480: 0.758 | E480: 64 | F480: 94 | G480: 732 | H480: 0.017 | I480: 0.245 | J480: 2010
A481: =CONCAT(B481,J481) -> Chad-Africa2011 | B481: Chad-Africa | C481: Africa | D481: 0.758 | E481: 55 | F481: 94 | G481: 732 | H481: 0.019 | I481: 0.303 | J481: 2011
A482: =CONCAT(B482,J482) -> Chad-Africa2012 | B482: Chad-Africa | C482: Africa | D482: 0.757 | E482: 62 | F482: 189 | G482: 732 | H482: 0.021 | I482: 0.354 | J482: 2012
... A521: =CONCAT(B521,J521) -> Colombia-The Americas2012 | B521: Colombia-The Americas | C521: The Americas | D521: 0.76 | E521: 15 | F521: 42 | G521: 203 | H521: 0.49 | I521: 1.029 | J521: 2012
A522: =CONCAT(B522,J522) -> Comoros-Africa2000 | B522: Comoros-Africa | C522: Africa | D522: 0.489 | E522: 26 | F522: 94 | G522: 302 | H522: 0.003 | I522: 0.58 | J522: 2000 | L522: Ease of Business | M522: =AVERAGE(F518:F3208) -> 93.926437 | N522: =MEDIAN(F518:F3208) -> 94 | O522: =STDEV(F518:F3208) -> 14.422974 | P522: S.D<mean i.e replace missing values with mean
A523: =CONCAT(B523,J523) -> Comoros-Africa2001 | B523: Comoros-Africa | C523: Africa | D523: 0.489 | E523: 26 | F523: 94 | G523: 302 | H523: 0.004 | I523: 0.58 | J523: 2001
A524: =CONCAT(B524,J524) -> Comoros-Africa2002 | B524: Comoros-Africa | C524: Africa | D524: 0.489 | E524: 26 | F524: 94 | G524: 302 | H524: 0.006 | I524: 0.58 | J524: 2002
A525: =CONCAT(B525,J525) -> Comoros-Africa2003 | B525: Comoros-Africa | C525: Africa | D525: 0.489 | E525: 26 | F525: 94 | G525: 302 | H525: 0.008 | I525: 0.004 | J525: 2003
A526: =CONCAT(B526,J526) -> Comoros-Africa2004 | B526: Comoros-Africa | C526: Africa | D526: 0.489 | E526: 26 | F526: 94 | G526: 302 | H526: 0.013 | I526: 0.014 | J526: 2004
A527: =CONCAT(B527,J527) -> Comoros-Africa2005 | B527: Comoros-Africa | C527: Africa | D527: 2.179 | E527: 24 | F527: 94 | G527: 100 | H527: 0.02 | I527: 0.026 | J527: 2005
A528: =CONCAT(B528,J528) -> Comoros-Africa2006 | B528: Comoros-Africa | C528: Africa | D528: 2.179 | E528: 22 | F528: 94 | G528: 100 | H528: 0.022 | I528: 0.06 | J528: 2006
A529: =CONCAT(B529,J529) -> Comoros-Africa2007 | B529: Comoros-Africa | C529: Africa | D529: 2.179 | E529: 22 | F529: 94 | G529: 100 | H529: 0.025 | I529: 0.098 | J529: 2007
A530: =CONCAT(B530,J530) -> Comoros-Africa2008 | B530: Comoros-Africa | C530: Africa | D530: 2.179 | E530: 22 | F530: 94 | G530: 100 | H530: 0.03 | I530: 0.141 | J530: 2008
A531: =CONCAT(B531,J531) -> Comoros-Africa2009 | B531: Comoros-Africa | C531: Africa | D531: 2.179 | E531: 22 | F531: 94 | G531: 100 | H531: 0.035 | I531: 0.184 | J531: 2009
A532: =CONCAT(B532,J532) -> Comoros-Africa2010 | B532: Comoros-Africa | C532: Africa | D532: 2.179 | E532: 22 | F532: 94 | G532: 100 | H532: 0.051 | I532: 0.242 | J532: 2010
A533: =CONCAT(B533,J533) -> Comoros-Africa2011 | B533: Comoros-Africa | C533: Africa | D533: 2.179 | E533: 22 | F533: 94 | G533: 100 | H533: 0.055 | I533: 0.309 | J533: 2011
A534: =CONCAT(B534,J534) -> Comoros-Africa2012 | B534: Comoros-Africa | C534: Africa | D534: 2.179 | E534: 20 | F534: 160 | G534: 100 | H534: 0.06 | I534: 0.395 | J534: 2012
A535: =CONCAT(B535,J535) -> Congo (Brazzaville)-Africa2000 | B535: Congo (Brazzaville)-Africa | C535: Africa | D535: 0.489 | E535: 26 | F535: 94 | G535: 302 | H535: 0 | I535: 0.022 | J535: 2000 | L535: Internet Usage | M535: =AVERAGE(H529:H3219) -> 0.23448752 | N535: =MEDIAN(H529:H3219) -> 0.129 | O535: =STDEV(H529:H3219) -> 0.25007278 | P535: S.D>mean i.e replace missing values with median
A536: =CONCAT(B536,J536) -> Congo (Brazzaville)-Africa2001 | B536: Congo (Brazzaville)-Africa | C536: Africa | D536: 0.489 | E536: 26 | F536: 94 | G536: 302 | H536: 0 | I536: 0.047 | J536: 2001
A537: =CONCAT(B537,J537) -> Congo (Brazzaville)-Africa2002 | B537: Congo (Brazzaville)-Africa | C537: Africa | D537: 0.489 | E537: 26 | F537: 94 | G537: 302 | H537: 0.002 | I537: 0.068 | J537: 2002
A538: =CONCAT(B538,J538) -> Congo (Brazzaville)-Africa2003 | B538: Congo (Brazzaville)-Africa | C538: Africa | D538: 0.489 | E538: 37 | F538: 94 | G538: 302 | H538: 0.005 | I538: 0.098 | J538: 2003
A539: =CONCAT(B539,J539) -> Congo (Brazzaville)-Africa2004 | B539: Congo (Brazzaville)-Africa | C539: Africa | D539: 0.489 | E539: 37 | F539: 94 | G539: 302 | H539: 0.011 | I539: 0.111 | J539: 2004
A540: =CONCAT(B540,J540) -> Congo (Brazzaville)-Africa2005 | B540: Congo (Brazzaville)-Africa | C540: Africa | D540: 0.649 | E540: 37 | F540: 94 | G540: 606 | H540: 0.015 | I540: 0.158 | J540: 2005
A541: =CONCAT(B541,J541) -> Congo (Brazzaville)-Africa2006 | B541: Congo (Brazzaville)-Africa | C541: Africa | D541: 0.649 | E541: 37 | F541: 94 | G541: 606 | H541: 0.02 | I541: 0.252 | J541: 2006
A542: =CONCAT(B542,J542) -> Congo (Brazzaville)-Africa2007 | B542: Congo (Brazzaville)-Africa | C542: Africa | D542: 0.649 | E542: 37 | F542: 94 | G542: 606 | H542: 0.028 | I542: 0.343 | J542: 2007
A543: =CONCAT(B543,J543) -> Congo (Brazzaville)-Africa2008 | B543: Congo (Brazzaville)-Africa | C543: Africa | D543: 0.659 | E543: 161 | F543: 94 | G543: 606 | H543: 0.043 | I543: 0.466 | J543: 2008
A544: =CONCAT(B544,J544) -> Congo (Brazzaville)-Africa2009 | B544: Congo (Brazzaville)-Africa | C544: Africa | D544: 0.659 | E544: 161 | F544: 94 | G544: 606 | H544: 0.045 | I544: 0.738 | J544: 2009
A545: =CONCAT(B545,J545) -> Congo (Brazzaville)-Africa2010 | B545: Congo (Brazzaville)-Africa | C545: Africa | D545: 0.663 | E545: 161 | F545: 94 | G545: 606 | H545: 0.05 | I545: 0.904 | J545: 2010
A546: =CONCAT(B546,J546) -> Congo (Brazzaville)-Africa2011 | B546: Congo (Brazzaville)-Africa | C546: Africa | D546: 0.653 | E546: 161 | F546: 94 | G546: 606 | H546: 0.056 | I546: 0.919 | J546: 2011
A547: =CONCAT(B547,J547) -> Congo (Brazzaville)-Africa2012 | B547: Congo (Brazzaville)-Africa | C547: Africa | D547: 0.649 | E547: 161 | F547: 186 | G547: 606 | H547: 0.061 | I547: 0.988 | J547: 2012
A548: =CONCAT(B548,J548) -> Congo (Kinshasa)-Africa2000 | B548: Congo (Kinshasa)-Africa | C548: Africa | D548: 0.489 | E548: 26 | F548: 94 | G548: 302 | H548: 0 | I548: 0.58 | J548: 2000 | L548: Hours to do Tax | M548: =AVERAGE(G543:G3233) -> 287.36744 | N548: =MEDIAN(G543:G3233) -> 302 | O548: =STDEV(G543:G3233) -> 145.90747 | P548: S.D<mean i.e replace missing values with mean
A549: =CONCAT(B549,J549) -> Congo (Kinshasa)-Africa2001 | B549: Congo (Kinshasa)-Africa | C549: Africa | D549: 0.489 | E549: 26 | F549: 94 | G549: 302 | H549: 0 | I549: 0.003 | J549: 2001
A550: =CONCAT(B550,J550) -> Congo (Kinshasa)-Africa2002 | B550: Congo (Kinshasa)-Africa | C550: Africa | D550: 0.489 | E550: 26 | F550: 94 | G550: 302 | H550: 0.001 | I550: 0.011 | J550: 2002
A551: =CONCAT(B551,J551) -> Congo (Kinshasa)-Africa2003 | B551: Congo (Kinshasa)-Africa | C551: Africa | D551: 0.489 | E551: 166 | F551: 94 | G551: 302 | H551: 0.001 | I551: 0.024 | J551: 2003
A552: =CONCAT(B552,J552) -> Congo (Kinshasa)-Africa2004 | B552: Congo (Kinshasa)-Africa | C552: Africa | D552: 0.489 | E552: 133 | F552: 94 | G552: 302 | H552: 0.002 | I552: 0.038 | J552: 2004
A553: =CONCAT(B553,J553) -> Congo (Kinshasa)-Africa2005 | B553: Congo (Kinshasa)-Africa | C553: Africa | D553: 2.865 | E553: 133 | F553: 94 | G553: 308 | H553: 0.002 | I553: 0.051 | J553: 2005
A554: =CONCAT(B554,J554) -> Congo (Kinshasa)-Africa2006 | B554: Congo (Kinshasa)-Africa | C554: Africa | D554: 2.865 | E554: 133 | F554: 94 | G554: 308 | H554: 0.003 | I554: 0.079 | J554: 2006
A555: =CONCAT(B555,J555) -> Congo (Kinshasa)-Africa2007 | B555: Congo (Kinshasa)-Africa | C555: Africa | D555: 2.881 | E555: 133 | F555: 94 | G555: 308 | H555: 0.004 | I555: 0.115 | J555: 2007
A556: =CONCAT(B556,J556) -> Congo (Kinshasa)-Africa2008 | B556: Congo (Kinshasa)-Africa | C556: Africa | D556: 2.881 | E556: 133 | F556: 94 | G556: 308 | H556: 0.004 | I556: 0.169 | J556: 2008
A557: =CONCAT(B557,J557) -> Congo (Kinshasa)-Africa2009 | B557: Congo (Kinshasa)-Africa | C557: Africa | D557: 2.927 | E557: 127 | F557: 94 | G557: 308 | H557: 0.006 | I557: 0.156 | J557: 2009
A558: =CONCAT(B558,J558) -> Congo (Kinshasa)-Africa2010 | B558: Congo (Kinshasa)-Africa | C558: Africa | D558: 3.391 | E558: 84 | F558: 94 | G558: 336 | H558: 0.007 | I558: 0.19 | J558: 2010
A559: =CONCAT(B559,J559) -> Congo (Kinshasa)-Africa2011 | B559: Congo (Kinshasa)-Africa | C559: Africa | D559: 3.391 | E559: 65 | F559: 94 | G559: 336 | H559: 0.012 | I559: 0.245 | J559: 2011
A560: =CONCAT(B560,J560) -> Congo (Kinshasa)-Africa2012 | B560: Congo (Kinshasa)-Africa | C560: Africa | D560: 3.391 | E560: 58 | F560: 183 | G560: 336 | H560: 0.017 | I560: 0.306 | J560: 2012
... A573: =CONCAT(B573,J573) -> Costa Rica-The Americas2012 | B573: Costa Rica-The Americas | C573: The Americas | D573: 0.553 | E573: 60 | F573: 109 | G573: 226 | H573: 0.475 | I573: 1.119 | J573: 2012
A574: =CONCAT(B574,J574) -> Cote d'Ivoire-Africa2000 | B574: Cote d'Ivoire-Africa | C574: Africa | D574: 0.489 | E574: 26 | F574: 94 | G574: 302 | H574: 0.002 | I574: 0.029 | J574: 2000 | L574: Mobile Phone Usage | M574: =AVERAGE(I567:I3257) -> 0.59152352 | N574: =MEDIAN(I567:I3257) -> 0.58 | O574: =STDEV(I567:I3257) -> 0.45602523 | P574: S.D<mean i.e replace missing values with mean
A575: =CONCAT(B575,J575) -> Cote d'Ivoire-Africa2001 | B575: Cote d'Ivoire-Africa | C575: Africa | D575: 0.489 | E575: 26 | F575: 94 | G575: 302 | H575: 0.004 | I575: 0.044 | J575: 2001
A576: =CONCAT(B576,J576) -> Cote d'Ivoire-Africa2002 | B576: Cote d'Ivoire-Africa | C576: Africa | D576: 0.489 | E576: 26 | F576: 94 | G576: 302 | H576: 0.005 | I576: 0.062 | J576: 2002
A577: =CONCAT(B577,J577) -> Cote d'Ivoire-Africa2003 | B577: Cote d'Ivoire-Africa | C577: Africa | D577: 0.489 | E577: 62 | F577: 94 | G577: 302 | H577: 0.008 | I577: 0.076 | J577: 2003
A578: =CONCAT(B578,J578) -> Cote d'Ivoire-Africa2004 | B578: Cote d'Ivoire-Africa | C578: Africa | D578: 0.489 | E578: 58 | F578: 94 | G578: 302 | H578: 0.008 | I578: 0.098 | J578: 2004
...
